record_type,ring_no,scheme,species,code,age,sex,visit_date,capture_time,location_name,wing,weight,ringer,min_t,max_t,sheet
N,X962900,GBT,Great Tit,GRETI,5,F,08/02/2018,09:00,Fforest Ganol,74,17.9,JS,18.3,21.8,Wales_20180406
N,Y638207,GBT,Great Tit,GRETI,5,F,09/03/2018,08:00,Fforest Ganol,72,,JS,19.8,22.6,Wales_20180406
N,Y638208,GBT,Great Tit,GRETI,6,M,09/03/2018,08:00,Fforest Ganol,77,,JS,28.2,29,Wales_20180406
N,Y638211,GBT,Great Tit,GRETI,6,M,09/03/2018,08:00,Fforest Ganol,76,,MPS,19,22.5,Wales_20180406
N,Y638215,GBT,Great Tit,GRETI,6,M,09/03/2018,09:30,Fforest Ganol,73,17.1,MPS,20.7,23.5,Wales_20180406
N,Y638216,GBT,Great Tit,GRETI,6,M,09/03/2018,09:30,Fforest Ganol,75,17.6,MPS,20.3,24.2,Wales_20180406
N,Y638218,GBT,Great Tit,GRETI,6,M,09/03/2018,10:00,Fforest Ganol,72,15.5,JS,19.2,22.5,Wales_20180406
N,Y638220,GBT,Great Tit,GRETI,5,M,09/03/2018,10:00,Fforest Ganol,72,,MPS,19.1,22.2,Wales_20180406
N,Y638222,GBT,Great Tit,GRETI,6,F,09/03/2018,10:30,Fforest Ganol,71,20.9,JS,19.8,22.8,Wales_20180406
N,Y638223,GBT,Great Tit,GRETI,5,M,09/03/2018,10:30,Fforest Ganol,74,22,JS,20,23.2,Wales_20180406
N,Y638231,GBT,Great Tit,GRETI,5,M,09/03/2018,08:00,Fforest Ganol,75,18.6,JS,21.8,24.8,Wales_20180406
,BV39252,GBT,Hawfinch,HAWFI,6,M,09/03/2018,,Fforest Ganol,107,,MPS,21.9,25.9,Wales_20180405
N,Y638226,GBT,Great Tit,GRETI,5,M,16/03/2018,08:00,Fforest Ganol,74,19.3,MPS,20.3,23.6,Wales_20180406
,AYC3090,,Chaffinch,CHAFF,5,M,27/03/2018,,Distilley Field,84,,SB,18.5,21.2,SB_20180419
,AYC3092,,Chaffinch,CHAFF,6,M,27/03/2018,,Distilley Field,85,17.8,SB,16.3,18.9,SB_20180420
,S152135,,Chaffinch,CHAFF,6,M,27/03/2018,,Distilley Field,90,20.8,SB,18.6,21.9,SB_20180421
,LK00719,,Blackbird,BLABI,6,M,27/03/2018,,Distilley Field,129,87.8,SB,32.8,37.4,SB_20180422
,S842769,,Chaffinch,CHAFF,6,M,27/03/2018,,Distilley Field,88,19.4,SB,19.2,22,SB_20180423
,S873648,,Chaffinch,CHAFF,6,F,27/03/2018,,Distilley Field,86,17.6,SB,18.2,22.8,SB_20180424
,D955209,GBT,Brambling,BRAMB,5,F,05/04/2018,,Fforest Ganol,89,23.1,MPS,19.4,21.8,Wales_20180405
,D955210,GBT,Brambling,BRAMB,6,M,05/04/2018,,Fforest Ganol,90,25.5,JS,18.1,21.3,Wales_20180405
,D955212,GBT,Chaffinch,CHAFF,4,F,05/04/2018,,Fforest Ganol,79,18.7,JS,18,20.5,Wales_20180405
,Not Ringed,GBT,Chaffinch,CHAFF,4,M,05/04/2018,,Fforest Ganol,,,JS,18.1,21.3,Wales_20180405
,D955208,GBT,Great Tit,GRETI,5,M,05/04/2018,,Fforest Ganol,75,18.9,JS,20.7,24.2,Wales_20180405
,D955211,GBT,Great Tit,GRETI,6,M,05/04/2018,,Fforest Ganol,75,14.6,MPS,23.1,25.6,Wales_20180405
,D955213,GBT,Great Tit,GRETI,6,M,05/04/2018,,Fforest Ganol,77,17.5,RJF,20.3,23.7,Wales_20180405
,NV58512,GBT,Hawfinch,HAWFI,6,F,05/04/2018,,Fforest Ganol,105,65,MPS,23.1,26.2,Wales_20180405
,NV58518,GBT,Hawfinch,HAWFI,6,F,05/04/2018,,Fforest Ganol,103,60.3,RJF,22,25.9,Wales_20180405
,NV58519,GBT,Hawfinch,HAWFI,5,M,05/04/2018,,Fforest Ganol,103,63.3,RJF,23.4,26.4,Wales_20180405
,NV58520,GBT,Hawfinch,HAWFI,6,M,05/04/2018,,Fforest Ganol,106,52.9,MPS,20.1,22.9,Wales_20180405
,NV58561,GBT,Hawfinch,HAWFI,5,M,05/04/2018,,Fforest Ganol,102,62.6,JS,20.5,25,Wales_20180405
,NV58562,GBT,Hawfinch,HAWFI,5,M,05/04/2018,,Fforest Ganol,104,54.2,RJF,24,26.1,Wales_20180405
,NV58563,GBT,Hawfinch,HAWFI,5,F,05/04/2018,,Fforest Ganol,102,57.3,RJF,22.1,26.2,Wales_20180405
,TL73341,GBT,Nuthatch,NUTHA,4,M,05/04/2018,,Fforest Ganol,82,21.3,JS,20,21.8,Wales_20180405
,ALA899,GBT,Wren,WREN,5,U,05/04/2018,,Fforest Ganol,47,,JS,18.4,20.3,Wales_20180405
N,D955216,,Brambling,BRAMB,5,F,12/04/2018,09:30,Fforest Ganol,89,19.1,JS,19.7,21,Wales_20180412
N,D955215,,Great Tit,GRETI,5,M,12/04/2018,09:30,Fforest Ganol,77,18.6,JS,19.9,22.6,Wales_20180412
N,NV58565,,Hawfinch,HAWFI,6,F,12/04/2018,09:30,Fforest Ganol,104,50.7,JS,25.5,29.4,Wales_20180412
N,NV58564,,Hawfinch,HAWFI,6,F,12/04/2018,09:30,Fforest Ganol,101,55.4,JS,21.5,26,Wales_20180412
S,X962888,,Robin,ROBIN,5,M,12/04/2018,09:30,Fforest Ganol,75,19.5,RJF,21.9,26,Wales_20180412
S,X962899,,Great Tit,GRETI,5,M,12/04/2018,09:30,Fforest Ganol,75,18.5,JS,20.4,23.5,Wales_20180412
N,D955214,,Chaffinch,CHAFF,5,M,12/04/2018,08:26,Fforest Ganol,77,18.1,JS,18.2,22.1,Wales_20180412
,LK00709,,Blackbird,BLABI,6,M,12/04/2018,,Distilley Field,130,92.2,SB,35.8,40.6,SB_20180425
,LK00728,,Blackbird,BLABI,5,F,12/04/2018,,Distilley Field,127,91.7,SB,35,39.7,SB_20180426
,S152839,,Blue Tit,BLUTI,6,M,12/04/2018,,Distilley Field,66,,SB,17.8,20.3,SB_20180427
,AYC3095,,Chaffinch,CHAFF,6,F,12/04/2018,,Distilley Field,81,20.1,SB,18.5,21.1,SB_20180428
,S873680,,Blue Tit,BLUTI,5,,12/04/2018,,Distilley Field,62,9.8,SB,16.6,19.4,SB_20180429
,S842773,,Blue Tit,BLUTI,5,,12/04/2018,,Distilley Field,63,10.3,SB,16.7,19.4,SB_20180430
,LC97911,,Blackbird,BLABI,6,F,12/04/2018,,Distilley Field,124,103.5,SB,34.1,39,SB_20180431
,LK00742,,Blackbird,BLABI,6,M,12/04/2018,,Distilley Field,128,93.8,SB,34,39.2,SB_20180432
,VZ80768,,Great Tit,GRETI,5,F,12/04/2018,,Distilley Field,70,17.5,SB,19.9,22.2,SB_20180433
,VZ80680,,Great Tit,GRETI,5,M,12/04/2018,,Distilley Field,74,18.5,SB,20.7,23.5,SB_20180434
,LK00714,,Blackbird,BLABI,6,M,20/04/2018,,DF,133,91.1,ARC,34.2,38.1,SB_AC_20180424
,LK00726,,Blackbird,BLABI,6,F,20/04/2018,,DF,122,95.8,ARC,33.4,38.4,SB_AC_20180425
,S152135,,Chaffinch,CHAFF,6,M,20/04/2018,,DF,89,20.4,ARC,18.5,21,SB_AC_20180426
,VZ72636,,Dunnock,DUNNO,6,M,20/04/2018,,DF,70,22.1,ARC,22.3,23.9,SB_AC_20180427
,JLH563,,Wren,WREN,6,,20/04/2018,,DF,50,,ARC,17.9,19.5,SB_AC_20180428
,AYC3099,,Chaffinch,CHAFF,6,F,20/04/2018,,DF,79,18.7,ARC,17.9,19.7,SB_AC_20180429
,LK00743,,Blackbird,BLABI,6,M,20/04/2018,,DF,131,95.7,ARC,34,38.9,SB_AC_20180430
,AYC3100,,Blackcap,BLACA,6,M,20/04/2018,,DF,74,15.7,ARC,20.3,22.4,SB_AC_20180431
,AYC3101,,Blackcap,BLACA,5,M,20/04/2018,,DF,74,16.2,SB,20.3,23.6,SB_AC_20180432
,AYC3102,,Chaffinch,CHAFF,6,F,20/04/2018,,DF,83,21.3,SB,18.4,21.1,SB_AC_20180433
,S152832,,Blue Tit,BLUTI,6,F,20/04/2018,,DF,61,11.6,SB,16.8,19.1,SB_AC_20180434
,LK00712,,Blackbird,BLABI,5,M,20/04/2018,,DF,128,94.9,SB,32.9,37.5,SB_AC_20180435
,S873526,,Robin,ROBIN,6,,20/04/2018,,DF,70,19.5,SB,25.2,28,SB_AC_20180436
,D895584,,Great Tit,GRETI,6,F,20/04/2018,,DF,70,20.9,SB,20,23.2,SB_AC_20180437
,AFB9209,,Chaffinch,CHAFF,6,M,21/04/2018,,HQY,89,20.2,SB,18.1,20.7,SB_AC_20180438
,S149992,,Chaffinch,CHAFF,6,M,21/04/2018,,HQY,88,22.4,SB,18.2,20.8,SB_AC_20180439
,AFB9726,,Robin,ROBIN,6,F,21/04/2018,,HQY,74,20.6,SB,26.8,29.9,SB_AC_20180440
N,LK00744,,Blackbird,BLABI,6,M,25/04/2018,,DF,131,89.5,SB,34.1,39.1,SB_20180510
N,AYC3094,,Robin,ROBIN,6,M,30/04/2018,,DF,76,18.5,SB,24.6,27.5,SB_20180510
N,LK00745,,Blackbird,BLABI,6,F,30/04/2018,,DF,126,103,SB,33.6,38.5,SB_20180510
RETRAP,D955208,GBT,Great Tit,GRETI,5,M,03/05/2018,08:00,FGANOL (Fforest Ganol),76,19.4,JS,20.8,23.1,Wales_20180503
RETRAP,Y638252,GBT,Great Tit,GRETI,6,F,03/05/2018,08:00,FGANOL (Fforest Ganol),72,20.6,JS,21,24,Wales_20180503
RETRAP,TL10774,GBT,Nuthatch,NUTHA,4,M,03/05/2018,08:00,FGANOL (Fforest Ganol),87,24.1,JS,19,21.8,Wales_20180503
RETRAP,Y638267,GBT,Great Tit,GRETI,6,M,03/05/2018,07:00,FGANOL (Fforest Ganol),76,18.7,JS,20.5,23.7,Wales_20180503
RETRAP,D955201,GBT,Great Tit,GRETI,5,F,03/05/2018,07:00,FGANOL (Fforest Ganol),70,21.3,JS,20.1,23,Wales_20180503
RETRAP,X962885,GBT,Great Tit,GRETI,6,M,03/05/2018,07:00,FGANOL (Fforest Ganol),75,20.7,JS,21,24.1,Wales_20180503
RETRAP,Y638225,GBT,Great Tit,GRETI,5,M,03/05/2018,07:00,FGANOL (Fforest Ganol),77,,JS,21,23.2,Wales_20180503
RETRAP,X962876,GBT,Great Tit,GRETI,6,M,03/05/2018,09:00,FGANOL (Fforest Ganol),74,,JS,21.8,23,Wales_20180503
RETRAP,Y638246,GBT,Great Tit,GRETI,6,M,03/05/2018,09:00,FGANOL (Fforest Ganol),72,19,JS,20.8,23.8,Wales_20180503
Control,NW76596,GBT,Hawfinch,HAWFI,6,F,03/05/2018,09:00,FGANOL (Fforest Ganol),103,52.3,RJF,21.5,25,Wales_20180503
NEW,NV58578,GBT,Hawfinch,HAWFI,6,M,03/05/2018,08:00,FGANOL (Fforest Ganol),106,56.2,RJF,22.4,26.6,Wales_20180503
NEW,NV58577,GBT,Hawfinch,HAWFI,6,M,03/05/2018,07:00,FGANOL (Fforest Ganol),102,52,JS,22.6,26.3,Wales_20180503
NEW,D955227,GBT,Great Tit,GRETI,6,F,03/05/2018,09:00,FGANOL (Fforest Ganol),73,21.4,JS,20.5,22.8,Wales_20180503
NEW,D955226,GBT,Great Tit,GRETI,5,M,03/05/2018,07:00,FGANOL (Fforest Ganol),77,20,JS,20.3,22.7,Wales_20180503
NEW,D955225,GBT,Great Tit,GRETI,5,M,03/05/2018,07:00,FGANOL (Fforest Ganol),75,20.3,JS,20.6,24,Wales_20180503
NEW,D955224,GBT,Great Tit,GRETI,5,M,03/05/2018,07:00,FGANOL (Fforest Ganol),79,,JS,20.1,23.2,Wales_20180503
RETRAP,Y638266,GBT,Great Tit,GRETI,6,m,03/05/2018,07:00,FGANOL (Fforest Ganol),,,RJF,21.1,23.7,Wales_20180503
N,LK00746,,Blackbird,BLABI,6,M,10/05/2018,,DF,129,93.6,SB,34.2,38.4,SB_20180510
N,LH54359,,Blackbird,BLABI,5,M,13/05/2018,,HQY,125,94.8,IDH,34.1,38.9,SB_20180705
N,S149774,,Blue Tit,BLUTI,5,F,13/05/2018,,HQY,62,10.5,IDH,16.4,17.8,SB_20180706
N,AFB9773,,Chaffinch,CHAFF,6,F,13/05/2018,,HQY,80,18.6,IDH,16.5,17.7,SB_20180707
N,AFB9775,,Chaffinch,CHAFF,6,M,13/05/2018,,HQY,85,19.5,IDH,18.5,21.2,SB_20180708
N,S812301,,Blue tit,BLUTI,6,,16/05/2018,10:05,TMW,59,12.02,JS,16.4,19.6,JS_20180517
N,S812305,,Blue tit,BLUTI,6,,16/05/2018,11:48,TMW,61,,JS,16.1,19.6,JS_20180518
N,S812306,,Blue tit,BLUTI,5,,16/05/2018,12:31,TMR,61,,JS,17,19.9,JS_20180519
N,S812309,,Blue tit,BLUTI,5,,16/05/2018,14:42,TMR,62,,JS,18,20,JS_20180520
N,S812310,,Blue tit,BLUTI,6,,16/05/2018,15:00,TMR,60,,JS,16.6,19.9,JS_20180521
N,S812313,,Blue tit,BLUTI,6,,16/05/2018,16:15,TMB,61,,JS,16.8,19.7,JS_20180522
N,S812314,,Blue tit,BLUTI,5,,16/05/2018,16:37,TMB,61,,JS,17.3,20.4,JS_20180523
N,S812315,,Blue tit,BLUTI,6,,16/05/2018,16:52,TMB,61,,JS,16.8,19.7,JS_20180524
N,S812316,,Blue tit,BLUTI,5,,16/05/2018,17:01,TMB,59,,JS,16.1,18.5,JS_20180525
N,S812302,,Pied flycatcher,PIEFL,5,F,16/05/2018,10:21,TMW,77,,JS,16.7,19.4,JS_20180527
C,Z788698,,Pied flycatcher,PIEFL,5,F,16/05/2018,10:49,TMW,77,,JS,17.6,19.7,JS_20180528
R,Z788453,,Pied flycatcher,PIEFL,6,F,16/05/2018,11:02,TMW,79,,JS,16.9,20.1,JS_20180529
N,S812303,,Pied flycatcher,PIEFL,6,F,16/05/2018,11:18,TMW,78,,JS,17,20.3,JS_20180530
N,S812304,,Pied flycatcher,PIEFL,6,F,16/05/2018,11:37,TMW,76,,JS,17.6,20.1,JS_20180531
C,Z105078,,Pied flycatcher,PIEFL,6,F,16/05/2018,11:56,TMW,78,,JS,18.1,20.5,JS_20180532
C,Y189551,,Pied flycatcher,PIEFL,6,F,16/05/2018,12:20,TMW,76,,JS,17.7,19.9,JS_20180533
N,S812307,,Pied flycatcher,PIEFL,6,F,16/05/2018,13:01,TMW,77,,JS,16.6,18.9,JS_20180534
N,S812308,,Pied flycatcher,PIEFL,6,F,16/05/2018,14:15,TMR,77,,JS,17.2,19.2,JS_20180535
R,Z788934,,Pied flycatcher,PIEFL,5,F,16/05/2018,14:23,TMR,76,,JS,16.4,18.9,JS_20180536
N,S812311,,Pied flycatcher,PIEFL,6,F,16/05/2018,15:15,TMR,75,,JS,17.3,20,JS_20180537
R,Z788468,,Pied flycatcher,PIEFL,6,F,16/05/2018,15:33,TMB,75,,JS,16.4,19.2,JS_20180538
N,S812312,,Pied flycatcher,PIEFL,6,F,16/05/2018,15:55,TMB,76,,JS,16.6,19.7,JS_20180539
N,S812318,,Pied flycatcher,PIEFL,6,F,23/05/2018,10:38,TMW,76,15.51,JS,16.5,19.9,JS_20180526
C,S812023,,Pied flycatcher,PIEFL,6,F,23/05/2018,12:20,TMW,75,15,JS,16.3,19.9,JS_20180527
N,S812319,,Pied flycatcher,PIEFL,5,F,23/05/2018,14:17,TMR,78,16.43,JS,18,20.7,JS_20180528
N,S812320,,Pied flycatcher,PIEFL,5,F,23/05/2018,14:58,TMR,78,15.49,JS,16.5,19.6,JS_20180529
N,S812321,,Pied flycatcher,PIEFL,6,F,23/05/2018,15:36,TMR,76,14.73,JS,16,19.5,JS_20180530
N,S812322,,Pied flycatcher,PIEFL,5,F,23/05/2018,15:46,TMR,76,15.1,JS,16.3,19.3,JS_20180531
N,S812323,,Pied flycatcher,PIEFL,6,F,23/05/2018,15:54,TMR,76,14.12,JS,16.2,19,JS_20180532
N,S812324,,Pied flycatcher,PIEFL,5,F,23/05/2018,16:04,TMR,75,14.76,JS,16.3,18.9,JS_20180533
N,S812325,,Pied flycatcher,PIEFL,5,F,23/05/2018,17:00,TMB,72,14.69,JS,16,18.5,JS_20180534
N,S812317,,Blue tit,BLUTI,6,,23/05/2018,10:22,TMW,64,12.68,JS,16.4,19,JS_20180534
N,S152156,,Coal Tit,COATI,6,F,23/05/2018,,,60,8.7,IDH,17.3,18.7,IDH_20180822
N,S152297,,Coal Tit,COATI,6,F,23/05/2018,,,61,9.3,IDH,17.7,19.4,IDH_20180822
N,S842209,,Coal Tit,COATI,6,M,23/05/2018,,,62,8.5,IDH,18.3,19.9,IDH_20180822
N,S873922,,Coal Tit,COATI,5,M,23/05/2018,,,60,8.7,IDH,17.5,19,IDH_20180822
N,S873923,,Coal Tit,COATI,6,F,23/05/2018,,,60,9,IDH,17.6,19.1,IDH_20180822
N,S152414,,Great Tit,GRETI,6,M,24/05/2018,,KB,72,,SB,21.1,24.1,SB_20180709
N,S152790,,Coal Tit,COATI,6,M,24/05/2018,,,61,8.8,IDH,17.2,19,IDH_20180822
N,AYC3025,,Coal Tit,COATI,5,M,25/05/2018,,,61,9.3,IDH,16.9,18.7,IDH_20180822
N,D895797,,Great Tit,GRETI,6,F,25/05/2018,,,75,17.2,IDH,20.4,22.8,IDH_20180822
N,D895845,,Great Tit,GRETI,6,M,25/05/2018,,,79,18.3,IDH,19.5,21.6,IDH_20180822
N,S842478,,Coal Tit,COATI,6,F,25/05/2018,,,61,8.7,IDH,16.9,18.5,IDH_20180822
N,S873946,,Coal Tit,COATI,5,F,25/05/2018,,,60,9.4,IDH,17.3,18.8,IDH_20180822
N,S873953,,Coal Tit,COATI,6,M,25/05/2018,,,62,8.8,IDH,17.7,19.3,IDH_20180822
N,S152311,,Coal Tit,COATI,6,M,26/05/2018,,,62,8.7,IDH,17.7,18.9,IDH_20180822
N,S873969,,Coal Tit,COATI,5,F,26/05/2018,,,60,8.9,IDH,17.7,18.9,IDH_20180822
N,VZ72638,,Great Tit,GRETI,5,F,26/05/2018,,,73,17.7,IDH,21.1,24.2,IDH_20180822
N,VZ72695,,Great Tit,GRETI,5,M,26/05/2018,,,74,17.3,IDH,21.3,23.8,IDH_20180822
N,VZ72696,,Great Tit,GRETI,5,F,26/05/2018,,,72,16.6,IDH,19.5,21.7,IDH_20180822
N,Z663016,,Great Tit,GRETI,6,M,26/05/2018,,,75,19.2,IDH,20.6,23.5,IDH_20180822
N,AYC3190,,Blue Tit,BLUTI,5,F,27/05/2018,,SP,59,9,SB,17,19.6,SB_20180710
N,S152242,,Blue Tit,BLUTI,6,M,27/05/2018,,SP,66,9.4,SB,17.5,19.6,SB_20180711
N,Z663155,,Blue Tit,BLUTI,6,M,27/05/2018,,GT,65,9.8,SB,17.4,20.8,SB_20180712
N,D895688,,Great Tit,GRETI,6,M,27/05/2018,,KB,79,18.6,SB,21.2,24,SB_20180713
N,S842227,,Great Tit,GRETI,6,F,27/05/2018,,GT,74,17.6,SB,20.4,23.4,SB_20180714
N,S873503,,Great Tit,GRETI,6,F,27/05/2018,,KB,74,17.5,SB,19.8,22.9,SB_20180715
N,D534834,,Great Tit,GRETI,6,F,27/05/2018,,,75,17.9,IDH,18.9,21.5,IDH_20180822
N,S152121,,Great Tit,GRETI,6,M,27/05/2018,,,78,18.6,IDH,20.7,23.1,IDH_20180822
N,S873970,,Coal Tit,COATI,5,M,27/05/2018,,,63,8.9,IDH,17.6,19.5,IDH_20180822
N,VZ72697,,Great Tit,GRETI,6,M,27/05/2018,,,76,18.1,IDH,21,23.8,IDH_20180822
N,VZ80787,,Great Tit,GRETI,5,F,27/05/2018,,,72,16.5,IDH,20,22.5,IDH_20180822
N,AYC3191,,Blue Tit,BLUTI,5,F,28/05/2018,,GT,60,9.6,SB,16.4,19.4,SB_20180716
N,S842293,,Blue Tit,BLUTI,6,F,28/05/2018,,GT,62,10.3,SB,16.7,19,SB_20180717
N,S152861,,Great Tit,GRETI,6,M,28/05/2018,,KB,77,18.8,SB,21.7,24.5,SB_20180718
N,VZ80501,,Great Tit,GRETI,5,F,28/05/2018,,KB,71,16.9,SB,20.5,23.6,SB_20180719
N,S152929,,Blue Tit,BLUTI,6,M,28/05/2018,,GT,67,10.9,SB,18.3,21.1,SB_20180720
N,S873985,,Coal Tit,COATI,5,F,28/05/2018,,,59,8.9,IDH,17.7,19.5,IDH_20180822
N,S873986,,Coal Tit,COATI,6,M,28/05/2018,,,61,8.9,IDH,17.7,19.6,IDH_20180822
N,AYC3198,,Blue Tit,BLUTI,5,F,29/05/2018,,DD,60,9.8,SB,16.1,18.7,SB_20180721
N,S152148,,Great Tit,GRETI,6,M,29/05/2018,,GT,76,17.3,SB,19.9,22.9,SB_20180722
N,NZ05506,,Great Tit,GRETI,5,M,29/05/2018,,,76,16.7,IDH,20.3,23,IDH_20180822
N,NZ05507,,Great Tit,GRETI,5,F,29/05/2018,,,70,16.8,IDH,19,21.6,IDH_20180822
N,D534592,,Great Tit,GRETI,6,M,30/05/2018,,KB,77,17.6,SB,21,23.5,SB_20180723
N,VZ80502,,Great Tit,GRETI,5,F,30/05/2018,,KB,76,18.3,SB,20.5,23.1,SB_20180724
N,VZ80509,,Great Tit,GRETI,5,F,30/05/2018,,SP,72,17.3,SB,20.1,22.6,SB_20180725
N,VZ80833,,Great Tit,GRETI,5,M,30/05/2018,,SP,74,17.6,SB,20,23.1,SB_20180726
N,D895526,,Great Tit,GRETI,6,F,30/05/2018,,,74,17.5,IDH,20.8,23.2,IDH_20180822
N,S152683,,Great Tit,GRETI,6,M,30/05/2018,,,78,17.6,IDH,20.9,23.2,IDH_20180822
N,S842420,,Coal Tit,COATI,5,F,30/05/2018,,,60,9,IDH,17.2,19,IDH_20180822
N,S873987,,Blue Tit,BLUTI,5,F,30/05/2018,,,62,9.9,IDH,15.7,17.4,IDH_20180822
N,S873988,,Blue Tit,BLUTI,5,M,30/05/2018,,,67,10.3,IDH,17.1,19.6,IDH_20180822
N,S842541,,Great Tit,GRETI,6,M,31/05/2018,,GT,77,17.3,SB,21.3,24,SB_20180727
N,S842542,,Great Tit,GRETI,6,F,31/05/2018,,GT,75,17.5,SB,20.5,23.5,SB_20180728
N,VZ80510,,Great Tit,GRETI,5,F,31/05/2018,,IN,72,17,SB,20.8,23.6,SB_20180729
N,VZ80511,,Great Tit,GRETI,5,M,31/05/2018,,IN,76,19.2,SB,21.3,24.2,SB_20180730
N,D534838,,Great Tit,GRETI,6,F,31/05/2018,,,74,17.2,IDH,20,22.3,IDH_20180822
N,D895909,,Great Tit,GRETI,6,M,31/05/2018,,,78,18.8,IDH,21.4,23.8,IDH_20180822
N,NZ05513,,Great Tit,GRETI,5,F,31/05/2018,,,74,18.6,IDH,20.4,23.2,IDH_20180822
N,NZ05514,,Great Tit,GRETI,5,M,31/05/2018,,,76,18.6,IDH,21,23.3,IDH_20180822
N,NZ05515,,Great Tit,GRETI,5,M,31/05/2018,,,77,18.9,IDH,21.6,24.7,IDH_20180822
N,NZ05516,,Great Tit,GRETI,5,F,31/05/2018,,,73,17.4,IDH,19.5,22.3,IDH_20180822
N,S842467,,Great Tit,GRETI,5,M,31/05/2018,,,77,18.7,IDH,21.2,24.3,IDH_20180822
N,S842472,,Great Tit,GRETI,6,F,31/05/2018,,,74,16.8,IDH,19,21.2,IDH_20180822
N,NZ05517,,Great Tit,GRETI,5,F,01/06/2018,,,72,17.5,IDH,19.8,22.6,IDH_20180822
N,S152690,,Blue Tit,BLUTI,6,F,01/06/2018,,,62,9.5,IDH,16.5,18.5,IDH_20180822
N,S873994,,Blue Tit,BLUTI,6,M,01/06/2018,,,67,10.3,IDH,16.6,18.8,IDH_20180822
N,S873995,,Blue Tit,BLUTI,5,F,01/06/2018,,,59,8.7,IDH,15.4,17.5,IDH_20180822
N,S873996,,Blue Tit,BLUTI,5,M,01/06/2018,,,64,9.4,IDH,16.9,18.9,IDH_20180822
N,,,Sand Martin,SANMA,,,02/06/2018,,Sellack,105,13.7,JS,10.5,12.8,JS_20180621
N,,,Sand Martin,SANMA,,,02/06/2018,,Sellack,104,13.5,JS,11,13.4,JS_20180622
N,,,Sand Martin,SANMA,,,02/06/2018,,Sellack,108,13.2,JS,11,13.7,JS_20180623
N,,,Sand Martin,SANMA,,,02/06/2018,,Sellack,108,16.3,JS,11.4,14.1,JS_20180624
N,,,Sand Martin,SANMA,,,02/06/2018,,Sellack,105,13.4,JS,11.1,12.1,JS_20180625
N,,,Sand Martin,SANMA,,,02/06/2018,,Sellack,105,15.1,JS,11.9,14.8,JS_20180626
N,,,Sand Martin,SANMA,,,02/06/2018,,Sellack,112,14.7,JS,11,14.7,JS_20180627
N,,,Sand Martin,SANMA,,,02/06/2018,,Sellack,108,13.2,JS,10.7,13.2,JS_20180628
N,,,Sand Martin,SANMA,,,02/06/2018,,Sellack,108,12.2,JS,10.5,11.7,JS_20180629
N,,,Sand Martin,SANMA,,,02/06/2018,,Sellack,104,14,JS,10.2,12,JS_20180630
N,S152751,,Great Tit,GRETI,6,F,02/06/2018,,SP,73,17.9,SB,20.2,22.5,SB_20180731
N,S842414,,Great Tit,GRETI,6,M,02/06/2018,,KB,76,17.2,SB,22,25.2,SB_20180732
N,S842446,,Great Tit,GRETI,5,M,02/06/2018,,KB,75,18.4,SB,21.8,24.7,SB_20180733
N,VZ80516,,Great Tit,GRETI,5,F,02/06/2018,,KB,72,16.8,SB,20.9,23.1,SB_20180734
N,VZ80520,,Great Tit,GRETI,5,M,02/06/2018,,SP,75,17.9,SB,20.1,23.2,SB_20180735
N,D534610,,Great Tit,GRETI,6,M,02/06/2018,,,77,18.5,IDH,21.1,23.8,IDH_20180822
N,NZ05523,,Great Tit,GRETI,5,M,02/06/2018,,,73,17.1,IDH,20.8,23.2,IDH_20180822
N,S152069,,Great Tit,GRETI,6,F,02/06/2018,,,74,16.6,IDH,20.2,22.4,IDH_20180822
N,S842916,,Blue Tit,BLUTI,6,F,02/06/2018,,,62,10.1,IDH,17.2,19.1,IDH_20180822
N,VZ80793,,Great Tit,GRETI,5,F,02/06/2018,,,74,17.4,IDH,20.5,22.7,IDH_20180822
N,S152334,,Great Tit,GRETI,6,F,03/06/2018,,KB,73,17.4,SB,20.8,23.6,SB_20180736
N,AYC3207,,Blue Tit,BLUTI,5,F,03/06/2018,,,63,10,IDH,17.3,19.2,IDH_20180822
N,S152716,,Great Tit,GRETI,6,M,03/06/2018,,,77,17.2,IDH,20.8,23.2,IDH_20180822
N,S842500,,Great Tit,GRETI,5,M,03/06/2018,,,74,17.3,IDH,20.5,22.7,IDH_20180822
N,S842652,,Great Tit,GRETI,5,F,03/06/2018,,,72,17.9,IDH,20.6,23,IDH_20180822
N,S842900,,Blue Tit,BLUTI,6,M,03/06/2018,,,65,10.5,IDH,17.8,19.9,IDH_20180822
N,S873997,,Blue Tit,BLUTI,5,M,03/06/2018,,,64,10.3,IDH,17.1,19.5,IDH_20180822
N,S873998,,Blue Tit,BLUTI,5,F,03/06/2018,,,60,9.2,IDH,16.1,18.4,IDH_20180822
N,TX52408,,Great Tit,GRETI,6,F,03/06/2018,,,73,16.1,IDH,19.8,22.3,IDH_20180822
N,AYC3200,,Blue Tit,BLUTI,5,F,04/06/2018,,DD,58,9.7,SB,15.2,17.1,SB_20180737
N,AYC3453,,Blue Tit,BLUTI,5,F,04/06/2018,,SP,61,9.1,SB,16.8,19,SB_20180738
N,NZ05546,,Great Tit,GRETI,6,F,04/06/2018,,,74,17.8,IDH,20.1,22.8,IDH_20180822
N,NZ05547,,Great Tit,GRETI,6,M,04/06/2018,,,77,18,IDH,21,23.4,IDH_20180822
N,Z663002,,Great Tit,GRETI,6,F,04/06/2018,,,73,17,IDH,20.1,22.3,IDH_20180822
N,AYC3454,,Blue Tit,BLUTI,5,F,05/06/2018,,KB,61,9,SB,16.9,19.5,SB_20180739
N,Z663021,,Great Tit,GRETI,6,M,05/06/2018,,KB,78,19,SB,21.2,24.7,SB_20180740
N,Z663022,,Great Tit,GRETI,6,F,05/06/2018,,KB,72,17.5,SB,20.3,22.8,SB_20180741
N,AYC3217,,Blue Tit,BLUTI,6,F,05/06/2018,,,62,10.4,IDH,16.8,18.6,IDH_20180822
N,NZ05551,,Great Tit,GRETI,5,M,05/06/2018,,,76,19.3,IDH,21.2,23.7,IDH_20180822
N,S152379,,Great Tit,GRETI,6,M,05/06/2018,,,77,17.3,IDH,20.9,23.1,IDH_20180822
N,S842426,,Blue Tit,BLUTI,5,M,05/06/2018,,,63,9.8,IDH,16.7,19.4,IDH_20180822
N,S842653,,Blue Tit,BLUTI,5,M,05/06/2018,,,63,9.7,IDH,17.8,19.8,IDH_20180822
N,S842922,,Great Tit,GRETI,6,F,05/06/2018,,,75,16.7,IDH,20.5,23.1,IDH_20180822
N,S873796,,Blue Tit,BLUTI,5,F,05/06/2018,,,59,9.6,IDH,15.8,18.2,IDH_20180822
N,VZ80798,,Great Tit,GRETI,5,F,05/06/2018,,,72,18,IDH,20.4,22.8,IDH_20180822
N,AYC3455,,Blue Tit,BLUTI,5,M,06/06/2018,,KB,64,10.5,SB,17.2,19.8,SB_20180742
N,AYC3456,,Blue Tit,BLUTI,6,F,06/06/2018,,GT,61,9.5,SB,16.7,18.8,SB_20180743
N,S842385,,Blue Tit,BLUTI,5,M,06/06/2018,,GT,65,10.6,SB,18.3,20.6,SB_20180744
N,S842454,,Great Tit,GRETI,5,M,06/06/2018,,KB,76,18.1,SB,22,25.2,SB_20180745
N,VZ80526,,Great Tit,GRETI,5,F,06/06/2018,,KB,72,18.5,SB,21.1,24,SB_20180746
N,AYC3218,,Blue Tit,BLUTI,5,F,06/06/2018,,,61,9.4,IDH,16.3,18,IDH_20180822
N,AYC3219,,Blue Tit,BLUTI,5,M,06/06/2018,,,65,9.8,IDH,16.8,18.7,IDH_20180822
N,NZ05561,,Great Tit,GRETI,5,M,06/06/2018,,,76,17.7,IDH,20.5,23,IDH_20180822
N,NZ05562,,Great Tit,GRETI,5,F,06/06/2018,,,73,18.3,IDH,20.5,23.2,IDH_20180822
N,S152682,,Great Tit,GRETI,6,M,06/06/2018,,,77,18.1,IDH,20.8,23,IDH_20180822
N,S842872,,Great Tit,GRETI,6,F,06/06/2018,,,75,16.9,IDH,20.7,22.7,IDH_20180822
N,D534656,,Great Tit,GRETI,6,F,07/06/2018,,GT,73,16.9,SB,20.6,23.1,SB_20180747
N,D534657,,Great Tit,GRETI,6,M,07/06/2018,,GT,77,18.1,SB,22,25.1,SB_20180748
N,D895687,,Great Tit,GRETI,6,M,07/06/2018,,KB,78,17.6,SB,21.5,24.4,SB_20180749
N,S152001,,Great Tit,GRETI,6,F,07/06/2018,,KB,72,16.4,SB,20.1,23,SB_20180750
N,S842706,,Great Tit,GRETI,6,M,07/06/2018,,PT,77,17.2,SB,19.8,23,SB_20180751
N,S873501,,Great Tit,GRETI,6,M,07/06/2018,,GT,77,19.4,SB,21.3,24.9,SB_20180752
N,S873502,,Great Tit,GRETI,6,F,07/06/2018,,GT,73,17.4,SB,20.5,23.2,SB_20180753
N,VZ80532,,Great Tit,GRETI,5,F,07/06/2018,,PT,70,17.4,SB,19.9,23.2,SB_20180754
N,AYC3220,,Blue Tit,BLUTI,5,F,07/06/2018,,,62,10.4,IDH,16.7,18.7,IDH_20180822
N,D895675,,Great Tit,GRETI,6,M,07/06/2018,,,78,17.7,IDH,20.4,23,IDH_20180822
N,NZ05573,,Great Tit,GRETI,5,M,07/06/2018,,,74,18.6,IDH,21.4,24,IDH_20180822
N,NZ05574,,Great Tit,GRETI,5,F,07/06/2018,,,71,15.5,IDH,19.4,21.9,IDH_20180822
N,NZ05575,,Great Tit,GRETI,6,F,07/06/2018,,,75,18.7,IDH,20.5,23.3,IDH_20180822
N,NZ05576,,Great Tit,GRETI,5,M,07/06/2018,,,73,17.5,IDH,20.4,22.9,IDH_20180822
N,S152386,,Great Tit,GRETI,6,F,07/06/2018,,,74,18.4,IDH,20.3,23.3,IDH_20180822
N,S152781,,Blue Tit,BLUTI,6,M,07/06/2018,,,62,9.6,IDH,15.8,18.4,IDH_20180822
N,AYC3471,,Blue Tit,BLUTI,5,F,08/06/2018,,SP,61,10,SB,17,19.8,SB_20180755
N,AYC3472,,Blue Tit,BLUTI,5,M,08/06/2018,,SP,65,10,SB,17.1,19.7,SB_20180756
N,AYC3221,,Blue Tit,BLUTI,5,F,08/06/2018,,,61,9,IDH,14.8,16.3,IDH_20180822
N,D534574,,Great Tit,GRETI,6,M,08/06/2018,,,76,17.7,IDH,21.1,23.5,IDH_20180822
N,D895508,,Blue Tit,BLUTI,6,M,08/06/2018,,,65,9.6,IDH,17.7,20,IDH_20180822
N,S152309,,Great Tit,GRETI,6,M,08/06/2018,,,74,17.2,IDH,20.7,23.1,IDH_20180822
N,S152676,,Blue Tit,BLUTI,6,F,08/06/2018,,,64,10.6,IDH,16.3,18.9,IDH_20180822
N,S842393,,Great Tit,GRETI,5,F,08/06/2018,,,72,16.5,IDH,20,22.3,IDH_20180822
N,S842434,,Great Tit,GRETI,5,F,08/06/2018,,,73,17.9,IDH,19.8,22.5,IDH_20180822
N,D895527,,Great Tit,GRETI,6,M,09/06/2018,,KB,77,17.9,SB,21.8,24.8,SB_20180757
N,S152755,,Great Tit,GRETI,6,F,09/06/2018,,SP,74,15.8,SB,18.9,21.9,SB_20180758
N,TH99116,,Great Tit,GRETI,6,M,09/06/2018,,SP,78,,SB,19.6,22.4,SB_20180759
N,Z663182,,Great Tit,GRETI,6,F,09/06/2018,,GT,72,16.7,SB,20.7,23.6,SB_20180760
N,AYC3237,,Blue Tit,BLUTI,6,F,09/06/2018,,,61,9.9,IDH,16.8,18.9,IDH_20180822
N,AYC3238,,Blue Tit,BLUTI,5,M,09/06/2018,,,65,10.2,IDH,16.3,18.7,IDH_20180822
N,NZ05586,,Great Tit,GRETI,5,F,09/06/2018,,,73,17.2,IDH,20.3,22.9,IDH_20180822
N,NZ05587,,Great Tit,GRETI,5,M,09/06/2018,,,74,17,IDH,19.5,22.2,IDH_20180822
N,NZ05588,,Great Tit,GRETI,5,F,09/06/2018,,,73,16.8,IDH,19.6,22.1,IDH_20180822
N,S842294,,Great Tit,GRETI,6,M,09/06/2018,,,77,18.6,IDH,20.7,23.2,IDH_20180822
N,VZ72686,,Great Tit,GRETI,5,F,09/06/2018,,,72,17.5,IDH,20.1,22.9,IDH_20180822
N,D534813,,Blue Tit,BLUTI,6,M,10/06/2018,,SP,66,10,SB,16.9,19.4,SB_20180761
N,D895528,,Great Tit,GRETI,6,F,10/06/2018,,KB,72,17.7,SB,21,24.2,SB_20180762
N,NZ05589,,Great Tit,GRETI,5,M,10/06/2018,,,78,17.9,IDH,20.4,23.2,IDH_20180822
N,NZ05594,,Great Tit,GRETI,5,F,10/06/2018,,,71,17.3,IDH,19.6,22.2,IDH_20180822
N,NZ05595,,Great Tit,GRETI,5,M,10/06/2018,,,75,17.6,IDH,21.5,24.2,IDH_20180822
N,NZ05596,,Great Tit,GRETI,5,F,10/06/2018,,,71,17,IDH,20.2,22.8,IDH_20180822
N,NZ05597,,Great Tit,GRETI,5,M,10/06/2018,,,76,18.7,IDH,21.1,23.9,IDH_20180822
N,S152659,,Blue Tit,BLUTI,6,F,12/06/2018,,SP,63,10.2,SB,17.5,19.8,SB_20180763
N,NZ05802,,Great Tit,GRETI,5,F,12/06/2018,,,73,17,IDH,20,22.9,IDH_20180822
N,S873612,,Blue Tit,BLUTI,5,F,12/06/2018,,,61,8.9,IDH,15.7,17.8,IDH_20180822
N,S873668,,Blue Tit,BLUTI,5,M,12/06/2018,,,64,9.6,IDH,16.9,19,IDH_20180822
N,AYC3483,,Blue Tit,BLUTI,5,F,13/06/2018,,KB,60,9.6,SB,16.6,19.1,SB_20180764
N,S842382,,Blue Tit,BLUTI,5,M,13/06/2018,,KB,59,9.6,SB,16.8,19.4,SB_20180765
N,S152754,,Great Tit,GRETI,6,F,13/06/2018,,KB,73,16.2,SB,20.5,23.4,SB_20180766
N,D895555,,Great Tit,GRETI,6,F,13/06/2018,,,74,17.5,IDH,20.5,23.3,IDH_20180822
N,D895556,,Great Tit,GRETI,6,M,13/06/2018,,,76,17.9,IDH,20.5,23.1,IDH_20180822
N,S114936,,Great Tit,GRETI,6,M,14/06/2018,,DD,77,16.9,SB,20,23,SB_20180767
N,S152234,,Great Tit,GRETI,6,F,14/06/2018,,DD,71,18.3,SB,20.9,24,SB_20180768
N,Z663124,,Great Tit,GRETI,6,M,14/06/2018,,KB,75,17.4,SB,21.5,24.5,SB_20180769
N,A057192,,Blue Tit,BLUTI,6,F,15/06/2018,,DD,61,9.6,SB,16.2,18.7,SB_20180770
N,AYC3489,,Blue Tit,BLUTI,5,F,15/06/2018,,KB,61,9.8,SB,16.5,19.1,SB_20180771
N,S152235,,Blue Tit,BLUTI,6,M,15/06/2018,,DD,65,9.9,SB,17.3,19.8,SB_20180772
N,S152848,,Blue Tit,BLUTI,6,M,15/06/2018,,KB,63,10.2,SB,16.8,19.7,SB_20180773
N,D895744,,Great Tit,GRETI,6,F,15/06/2018,,,73,17.1,IDH,20.6,23.3,IDH_20180822
N,VZ72641,,Great Tit,GRETI,5,M,15/06/2018,,,76,18.1,IDH,21.4,24.2,IDH_20180822
N,VZ80794,,Great Tit,GRETI,5,M,15/06/2018,,,74,16,IDH,20.5,23.2,IDH_20180822
N,VZ80797,,Great Tit,GRETI,5,F,15/06/2018,,,71,16.1,IDH,19.1,21.7,IDH_20180822
N,S152775,,Great Tit,GRETI,6,F,18/06/2018,,,75,17.6,IDH,20.1,22.3,IDH_20180822
N,Z663159,,Great Tit,GRETI,6,M,19/06/2018,,KB,78,17.4,SB,21.1,23.9,SB_20180774
N,S812479,,Pied flycatcher,PIEFL,5,F,20/06/2018,09:40,TMW,75,,JS,15.3,18.5,JS_20180631
N,S812480,,Pied flycatcher,PIEFL,5,F,20/06/2018,10:20,TMW,76,,JS,16.6,19,JS_20180632
N,Z621802,,Pied flycatcher,PIEFL,6,F,20/06/2018,11:20,TMW,76,,JS,16.5,19.3,JS_20180633
N,S812489,,Pied flycatcher,PIEFL,5,F,20/06/2018,13:15,TMR,77,,JS,17.8,20,JS_20180634
N,S812490,,Pied flycatcher,PIEFL,5,F,20/06/2018,14:22,TMB,76,,JS,17.5,19.9,JS_20180635
N,L739135,,Great Tit,GRETI,6,F,20/06/2018,,KB,75,16.3,SB,21.3,24.2,SB_20180775
N,VZ72639,,Great Tit,GRETI,5,F,21/06/2018,,DW,71,15.9,SB,20,22.9,SB_20180776
N,VZ80577,,Great Tit,GRETI,5,M,21/06/2018,,DW,75,18.3,SB,21,23.8,SB_20180777
N,VZ80583,,Great Tit,GRETI,5,M,21/06/2018,,PT,76,17.8,SB,21,24.1,SB_20180778
N,AYC3490,,Robin,ROBIN,3J,,25/06/2018,,DF,69,17.5,SB,26.1,29,SB_20180779
N,LK00750,,Blackbird,BLABI,6,M,28/06/2018,,DF,134,94,SB,33.6,38.8,SB_20180780
N,S873565,,Blue Tit,BLUTI,6,F,28/06/2018,,DF,62,10.5,SB,17,19.2,SB_20180781
N,LH54384,,Blackbird,BLABI,3J,,14/07/2018,,FORC,126,95.1,ARC,34.5,38.6,SB_20180808
N,LH54394,,Blackbird,BLABI,3J,M,14/07/2018,,FORC,123,81,ARC,30.7,34.4,SB_20180808
N,LH54395,,Blackbird,BLABI,3J,,14/07/2018,,FORC,120,75.6,ARC,33.4,37.5,SB_20180808
N,LH54396,,Blackbird,BLABI,3J,M,14/07/2018,,FORC,128,91.9,ARC,34.6,38.9,SB_20180808
N,LH54397,,Blackbird,BLABI,3J,,14/07/2018,,FORC,124,91.2,ARC,34,38,SB_20180808
N,AFB9822,,Blue Tit,BLUTI,3J,,14/07/2018,,FORC,62,10,ARC,15.7,17.6,SB_20180808
N,AFB9820,,Great Tit,GRETI,3J,,14/07/2018,,FORC,74,18.3,ARC,20.5,23.5,SB_20180808
N,AFB9821,,Great Tit,GRETI,3J,,14/07/2018,,FORC,75,15.2,ARC,20.9,23.3,SB_20180808
N,LH54399,,Blackbird,BLABI,3J,M,16/07/2018,,SOM,127,88.1,SB,33.4,38.5,SB_20180808
N,LK00720,,Blackbird,BLABI,4,F,19/07/2018,,DF,,88.3,SB,32.3,37.2,SB_20180808
N,LH54364,,Blackbird,BLABI,5,M,20/07/2018,,SOM,,101.1,SB,33.6,38.4,SB_20180808
N,AFB9824,,Chaffinch,CHAFF,3J,,20/07/2018,,SOM,85,19.4,SB,18,21,SB_20180808
N,AFB9825,,Chaffinch,CHAFF,3J,,20/07/2018,,SOM,81,17,SB,18.2,20.8,SB_20180808
N,LH54402,,Blackbird,BLABI,3J,M,22/07/2018,,FORC,127,85.5,SB,35.2,40,SB_20180808
N,LH54403,,Blackbird,BLABI,3J,,22/07/2018,,FORC,123,86.9,SB,34.3,38.4,SB_20180808
N,LH54404,,Blackbird,BLABI,3J,,22/07/2018,,FORC,128,93.3,SB,34.9,39,SB_20180808
N,LH54405,,Blackbird,BLABI,3J,,22/07/2018,,FORC,130,82.4,SB,34.2,38.8,SB_20180808
N,LH54406,,Blackbird,BLABI,3J,,22/07/2018,,FORC,126,93.5,SB,34.4,39.4,SB_20180808
N,LH54407,,Blackbird,BLABI,3J,,22/07/2018,,FORC,126,85.1,SB,35,39.5,SB_20180808
N,LH54408,,Blackbird,BLABI,3J,,22/07/2018,,FORC,125,91.6,SB,34,38.3,SB_20180808
N,LH54409,,Blackbird,BLABI,3J,M,22/07/2018,,FORC,126,87.2,SB,34.2,39,SB_20180808
N,LH54410,,Blackbird,BLABI,3J,M,22/07/2018,,FORC,130,88.3,SB,33.9,38.6,SB_20180808
N,LH54411,,Blackbird,BLABI,3J,,22/07/2018,,FORC,125,89.9,SB,35,39.7,SB_20180808
N,AFB9832,,Blue Tit,BLUTI,3J,,22/07/2018,,FORC,62,10,SB,17.6,20,SB_20180808
N,AFB9833,,Blue Tit,BLUTI,4,,22/07/2018,,FORC,,9.8,SB,16.4,19.1,SB_20180808
N,AFB9837,,Blue Tit,BLUTI,3J,,22/07/2018,,FORC,62,9.4,SB,16.9,18.9,SB_20180808
N,AFB9840,,Chaffinch,CHAFF,3J,,22/07/2018,,FORC,85,20.7,SB,18,20.5,SB_20180808
N,AFB9843,,Chaffinch,CHAFF,3J,,22/07/2018,,FORC,78,17.6,SB,18.5,21.2,SB_20180808
N,AFB9848,,Chaffinch,CHAFF,3J,,22/07/2018,,FORC,80,18.6,SB,18,20.9,SB_20180808
N,AFB9831,,Great Tit,GRETI,5,M,22/07/2018,,FORC,75,18.3,SB,20.5,23.4,SB_20180808
N,AFB9834,,Great Tit,GRETI,3J,,22/07/2018,,FORC,76,17,SB,20.6,23.5,SB_20180808
N,AFB9835,,Great Tit,GRETI,3J,,22/07/2018,,FORC,75,16.3,SB,20.7,23.7,SB_20180808
N,AFB9836,,Great Tit,GRETI,3J,,22/07/2018,,FORC,71,15.1,SB,19.6,22.3,SB_20180808
N,AFB9839,,Great Tit,GRETI,3J,,22/07/2018,,FORC,72,15.9,SB,19.2,22.1,SB_20180808
N,AFB9841,,Great Tit,GRETI,3J,,22/07/2018,,FORC,79,18.2,SB,21.2,23.9,SB_20180808
N,AFB9842,,Great Tit,GRETI,3J,,22/07/2018,,FORC,71,15.7,SB,19.3,22.1,SB_20180808
N,AFB9844,,Great Tit,GRETI,3J,,22/07/2018,,FORC,74,16.4,SB,21.5,24.5,SB_20180808
N,AYC3303,,Blue Tit,BLUTI,3J,,23/07/2018,,DF,64,9.8,SB,16.8,19.1,SB_20180808
N,AYC3304,,Blue Tit,BLUTI,3J,,23/07/2018,,DF,62,9.6,SB,16.1,18.5,SB_20180808
N,VZ80593,,Great Tit,GRETI,3J,,23/07/2018,,DF,73,18.8,SB,20.8,23.8,SB_20180808
N,AYC3305,,Robin,ROBIN,3J,,23/07/2018,,DF,74,19.9,SB,26.9,29.6,SB_20180808
N,LK00711,,Blackbird,BLABI,4,F,31/07/2018,,DF,,94.7,SB,34.3,38.2,SB_20180808
N,LK05051,,Blackbird,BLABI,4,M,31/07/2018,,DF,,96.4,SB,35.8,40.5,SB_20180808
N,AYC3309,,Robin,ROBIN,3,,31/07/2018,,DF,71,17.4,SB,25.2,28.2,SB_20180808
N,AYC3312,,Robin,ROBIN,3J,,02/08/2018,,DF,74,18.5,SB,26.3,29.1,SB_20180808
N,LK05052,,Blackbird,BLABI,4,M,07/08/2018,,DF,,95.4,SB,33.4,38.3,SB_20180808
N,AYC3196,,Blue Tit,BLUTI,3J,,07/08/2018,,DF,62,10.4,SB,17,19.7,SB_20180808
N,AYC3315,,Blue Tit,BLUTI,3J,,07/08/2018,,DF,61,9.8,SB,16.9,19.2,SB_20180808
N,VZ80594,,Great Tit,GRETI,3J,,07/08/2018,,DF,71,18.7,SB,20.4,23.3,SB_20180808
N,S873543,,Robin,ROBIN,4,,07/08/2018,,DF,,19.6,SB,25.2,28.2,SB_20180808
N,LK00744,,Blackbird,BLABI,4,M,09/08/2018,,DF,,94.9,SB,34.3,39.7,SB_20180808
N,AYC3318,,Blue Tit,BLUTI,3,,09/08/2018,,DF,60,10.4,SB,17.5,19.2,SB_20180808
N,AYC3320,,Blue Tit,BLUTI,3J,,09/08/2018,,DF,61,9.8,SB,16.6,19,SB_20180808
N,AYC3319,,Robin,ROBIN,3,,09/08/2018,,DF,71,16,SB,25.7,28.6,SB_20180808
N,S873802,,Robin,ROBIN,4,,09/08/2018,,DF,75,20.6,SB,24.5,27.7,SB_20180808
N,LH54412,,Blackbird,BLABI,4,M,10/08/2018,,CKM,,98.7,SB,35.3,40,SB_20180808
N,AFB9852,,Blue Tit,BLUTI,4,,10/08/2018,,CKM,62,10.7,SB,16.6,18.9,SB_20180808
N,AFB9853,,Blue Tit,BLUTI,3J,,10/08/2018,,CKM,63,11.1,SB,16.9,19.1,SB_20180808
N,AFB9849,,Robin,ROBIN,4,,10/08/2018,,CKM,74,20.4,SB,25.8,29,SB_20180808
N,AFB9850,,Robin,ROBIN,3J,,10/08/2018,,CKM,69,17.9,SB,24.6,27.7,SB_20180808
N,AFB9851,,Robin,ROBIN,4,,10/08/2018,,CKM,73,20.5,SB,25.6,28.7,SB_20180808
N,AFB9859,,Chaffinch,CHAFF,3J,M,13/08/2018,,SOM,88,22,SB,19.6,22.5,SB_20180808
N,AYC3493,,Robin,ROBIN,3,,14/08/2018,,DF,75,18.5,SB,26,28.8,SB_20180808
N,AFB9861,,Blue Tit,BLUTI,4,,18/08/2018,,CKM,,10,SB,17,19.7,SB_20180808
N,AFB9864,,Blue Tit,BLUTI,4,,18/08/2018,,CKM,,9.8,SB,16.5,18.5,SB_20180808
N,AFB9865,,Blue Tit,BLUTI,3J,,18/08/2018,,CKM,62,10,SB,17.3,19.7,SB_20180808
N,AFB9868,,Blue Tit,BLUTI,5,,18/08/2018,,CKM,,10.7,SB,16.1,18.4,SB_20180808
N,AFB9867,,Great Tit,GRETI,4,F,18/08/2018,,CKM,74,16.6,SB,19,21.6,SB_20180808
N,AFB9860,,Robin,ROBIN,3,,18/08/2018,,CKM,74,19,SB,24.7,27.7,SB_20180808
N,LK32022,,Blackbird,BLABI,3J,M,21/08/2018,,CCBO,127,106.4,SB,35.7,40.4,SB_20180808
N,AVA4599,,Blue Tit,BLUTI,3J,,21/08/2018,,CCBO,63,11.2,SB,17.4,19.4,SB_20180808
N,AVA4596,,Great Tit,GRETI,3J,,21/08/2018,,CCBO,73,20.4,SB,21.5,24.4,SB_20180808
N,AVA4604,,Robin,ROBIN,3J,,21/08/2018,,CCBO,72,19.1,SB,26.8,29.7,SB_20180808
N,AVA4610,,Robin,ROBIN,3J,,21/08/2018,,CCBO,75,20.1,SB,26.5,29.6,SB_20180808
N,AVA4611,,Robin,ROBIN,3,,21/08/2018,,CCBO,70,18.6,SB,25.9,29,SB_20180808
N,AVA4612,,Robin,ROBIN,3J,,21/08/2018,,CCBO,71,17.7,SB,25.3,28.1,SB_20180808
N,1B13946,,Blackbird,BLABI,3,M,22/08/2018,,Spain,127,84.1,IDH,33.21,37.89,IDH_20180822
N,1KA64800,,Blue Tit,BLUTI,4,U,22/08/2018,,Spain,,,IDH,17.05,19.45,IDH_20180822
N,2KA12491,,Cettis Warbler,CETWA,4,M,22/08/2018,,Spain,,,IDH,21.11,24.04,IDH_20180822
N,2KA12508,,Blackcap,BLACA,3,F,22/08/2018,,Spain,,,IDH,21.12,23.63,IDH_20180822
N,2KA12539,,Blackcap,BLACA,3,M,22/08/2018,,Spain,,,IDH,19.11,21.36,IDH_20180822
N,2KA12547,,Garden Warbler,GARWA,3,U,22/08/2018,,Spain,,,IDH,20.8,23.48,IDH_20180822
N,2KA12548,,Blackcap,BLACA,3,M,22/08/2018,,Spain,,,IDH,20.47,22.36,IDH_20180822
N,2KA12549,,Garden Warbler,GARWA,3,U,22/08/2018,,Spain,,,IDH,21.09,24.24,IDH_20180822
N,2KA12550,,Garden Warbler,GARWA,3,U,22/08/2018,,Spain,,,IDH,20.49,22.53,IDH_20180822
N,2KA12551,,Blackcap,BLACA,3,M,22/08/2018,,Spain,,,IDH,20.56,23.51,IDH_20180822
N,2KA12552,,Blackcap,BLACA,3,U,22/08/2018,,Spain,,,IDH,20.07,22.28,IDH_20180822
N,2KA12553,,Blackcap,BLACA,3,M,22/08/2018,,Spain,,,IDH,20,22.69,IDH_20180822
N,2KA12557,,Garden Warbler,GARWA,4,U,22/08/2018,,Spain,,,IDH,20.44,23.5,IDH_20180822
N,2KA12558,,Blackcap,BLACA,3,M,22/08/2018,,Spain,,,IDH,20.13,22.69,IDH_20180822
N,2Y86311,,Blue Tit,BLUTI,4,U,22/08/2018,,Spain,,,IDH,16.84,18.93,IDH_20180822
N,2Y86323,,Robin,ROBIN,4,U,22/08/2018,,Spain,,,IDH,25.66,28.26,IDH_20180822
N,2Y86395,,Robin,ROBIN,3,U,22/08/2018,,Spain,,,IDH,26.13,28.23,IDH_20180822
N,2Y89420,,Robin,ROBIN,3,U,22/08/2018,,Spain,,,IDH,25.17,27.6,IDH_20180822
N,2Y89437,,Robin,ROBIN,3,U,22/08/2018,,Spain,,,IDH,25.51,27.9,IDH_20180822
N,2Y89438,,Robin,ROBIN,3,U,22/08/2018,,Spain,,,IDH,25.28,27.78,IDH_20180822
N,2Y89439,,Robin,ROBIN,3,U,22/08/2018,,Spain,,,IDH,26.29,28.64,IDH_20180822
N,2Y89440,,Robin,ROBIN,3,U,22/08/2018,,Spain,,,IDH,25.87,28.53,IDH_20180822
N,2Y89441,,Melodious Warbler,MELWA,3,U,22/08/2018,,Spain,,,IDH,19.16,21.1,IDH_20180822
N,2Y89442,,Robin,ROBIN,3,U,22/08/2018,,Spain,,,IDH,23.95,26.19,IDH_20180822
N,2Z03752,,Iberian Chiffchaff,IBECH,3,F,22/08/2018,,Spain,,,IDH,18.67,20.62,IDH_20180822
N,2Z03753,,Willow Warbler,WILWA,4,U,22/08/2018,,Spain,,,IDH,17.98,20.03,IDH_20180822
N,2Z03754,,Iberian Chiffchaff,IBECH,3,F,22/08/2018,,Spain,,,IDH,19.64,21.32,IDH_20180822
N,2Z03755,,Pied Flycatcher,PIEFL,3,U,22/08/2018,,Spain,,,IDH,17.33,18.7,IDH_20180822
N,2Z03756,,Iberian Chiffchaff,IBECH,3,M,22/08/2018,,Spain,,,IDH,20.12,21.99,IDH_20180822
N,LK32025,,Blackbird,BLABI,3J,F,22/08/2018,,CCBO,126,93,SB,33.5,38.4,SB_20180808
N,AVA4615,,Blue Tit,BLUTI,3J,,22/08/2018,,CCBO,60,10.2,SB,15.7,18.2,SB_20180808
N,AVA4597,,Blue Tit,BLUTI,3J,,22/08/2018,,CCBO,61,,SB,17,19.6,SB_20180808
N,AVA4598,,Blue Tit,BLUTI,3J,,22/08/2018,,CCBO,60,10.3,SB,17.1,19.6,SB_20180808
N,AVA4616,,Blue Tit,BLUTI,3J,,22/08/2018,,CCBO,61,10.6,SB,16.2,18.7,SB_20180808
N,AVA4617,,Robin,ROBIN,3,,22/08/2018,,CCBO,71,17.5,SB,25.3,28.4,SB_20180808
N,AVA4618,,Robin,ROBIN,3,,22/08/2018,,CCBO,72,18.7,SB,25.4,28.7,SB_20180808
N,LH54413,,Blackbird,BLABI,4,F,25/08/2018,,CKM,,99,SB,35.2,40.2,SB_20180808
N,AFB9876,,Blue Tit,BLUTI,4,,25/08/2018,,CKM,62,10.3,SB,16.4,19,SB_20180808
N,AFB9879,,Blue Tit,BLUTI,3J,,25/08/2018,,CKM,63,10.7,SB,16.6,19.4,SB_20180808
N,AFB9881,,Great Tit,GRETI,4,M,25/08/2018,,CKM,76,17,SB,19.9,23,SB_20180808
N,AFB9869,,Robin,ROBIN,3,,25/08/2018,,CKM,73,16.7,SB,25.7,28.5,SB_20180808
N,AFB9851,,Robin,ROBIN,4,,25/08/2018,,CKM,73,18.4,SB,25.5,28.4,SB_20180808
N,AFB9878,,Robin,ROBIN,3,,25/08/2018,,CKM,70,17.4,SB,26,29,SB_20180808
N,AYC3325,,Blue Tit,BLUTI,3J,,27/08/2018,,DF,62,10.2,SB,16.7,19.6,SB_20180808
N,S152872,,Great Tit,GRETI,4,M,27/08/2018,,DF,78,19.3,SB,19.8,22.9,SB_20180808
N,LH54414,,Blackbird,BLABI,4,M,16/09/2018,,FORC,132,89,SB,33.6,38.2,SB_20180907
N,AFB9884,,Blue Tit,BLUTI,3J,,16/09/2018,,FORC,61,,SB,17,19.6,SB_20180908
N,AFB9885,,Great Tit,GRETI,3,F,16/09/2018,,FORC,72,18.5,SB,22.7,19.6,SB_20180909
N,AFB9886,,Robin,ROBIN,3J,,16/09/2018,,FORC,71,19.9,SB,26.8,30.1,SB_20180910
N,AFB9887,,Robin,ROBIN,4,,16/09/2018,,FORC,74,17.2,SB,25,27.4,SB_20180911
N,AFB9911,,Robin,ROBIN,4,,16/09/2018,,FORC,76,17.7,SB,26.1,29,SB_20180912
N,AFB9912,,Great Tit,GRETI,3,F,16/09/2018,,FORC,72,17,SB,20.2,22.9,SB_20180913
N,AFB9913,,Blue Tit,BLUTI,3,,16/09/2018,,FORC,64,11.1,SB,17.5,20,SB_20180914
N,AFB9918,,Great Tit,GRETI,3J,,16/09/2018,,FORC,75,20.7,SB,20.1,22.7,SB_20180915
N,AFB9919,,Great Tit,GRETI,4,F,16/09/2018,,FORC,,18.1,SB,20,23,SB_20180916
N,AFB9920,,Great Tit,GRETI,3,F,16/09/2018,,FORC,73,18.4,SB,19.9,22.9,SB_20180917
N,AFB9922,,Great Tit,GRETI,3,M,16/09/2018,,FORC,77,18.6,SB,22.1,25,SB_20180918
N,AFB9923,,Robin,ROBIN,4,,16/09/2018,,FORC,72,18.6,SB,27.6,30.5,SB_20180919
N,AFB9925,,Blue Tit,BLUTI,3J,,16/09/2018,,FORC,66,10.9,SB,17.8,20.3,SB_20180920
N,AFB9926,,Blue Tit,BLUTI,3J,,16/09/2018,,FORC,64,10.1,SB,17.2,19.7,SB_20180921
N,AFB9927,,Blue Tit,BLUTI,3J,,16/09/2018,,FORC,59,9.6,SB,17.4,20,SB_20180922
N,AFB9928,,Blue Tit,BLUTI,3J,,16/09/2018,,FORC,63,11.2,SB,17.2,19.9,SB_20180923
N,AFB9929,,Blue Tit,BLUTI,3J,,16/09/2018,,FORC,64,11.2,SB,16.8,19.3,SB_20180924
N,ALA900,,Chiffchaff,CHIFF,3,,27/09/2018,08:00,Pontcanna Riding Stables,56,6.8,ARC,18.7,20,RJF_20180929
N,Y638701,,Robin,ROBIN,3,,27/09/2018,07:00,Pontcanna Riding Stables,72,16,ARC,25.6,27.4,RJF_20180930
N,Y638702,,Robin,ROBIN,3,,27/09/2018,07:00,Pontcanna Riding Stables,73,17.7,ARC,24.7,27.3,RJF_20180931
N,Y638703,,Robin,ROBIN,3,,27/09/2018,08:00,Pontcanna Riding Stables,72,17,ARC,26,28.5,RJF_20180932
N,Y638704,,Robin,ROBIN,4,,27/09/2018,08:00,Pontcanna Riding Stables,74,17.1,ARC,25.7,27.5,RJF_20180933
N,Y638705,,Great Tit,GRETI,4,,27/09/2018,08:00,Pontcanna Riding Stables,74,17.1,ARC,19.6,21.2,RJF_20180934
N,-,,Chaffinch,CHAFF,3,F,29/09/2018,08:00,Crockernwell,83,20.7,RJF,18.1,19.6,RJF_20180935
N,DXC501,,Chiffchaff,CHIFF,3,,29/09/2018,09:00,Crockernwell,61,7.7,RJF,20.6,21.9,RJF_20180936
N,TL73372,,Dunnock,DUNNO,4,,29/09/2018,09:00,Crockernwell,69,20.5,RJF,20.7,23.4,RJF_20180937
N,TL73374,,House Sparrow,HOUSP,4,M,29/09/2018,09:00,Crockernwell,76,26.4,RJF,19.6,20.5,RJF_20180938
N,Y638706,,Coal Tit,COATI,3,,29/09/2018,07:30,Crockernwell,59,8.7,RJF,10.6,18.2,RJF_20180940
N,Y638707,,Robin,ROBIN,4,,29/09/2018,07:30,Crockernwell,,,RJF,26.8,29.6,RJF_20180941
N,Y638708,,Blue Tit,BLUTI,3,,29/09/2018,08:00,Crockernwell,63,10.6,RJF,18.7,20,RJF_20180942
N,Y638709,,Goldfinch,GOLFI,3,F,29/09/2018,08:00,Crockernwell,75,14,RJF,14.4,16.7,RJF_20180943
N,Y638710,,Willow Tit,WILTI,3,,29/09/2018,08:00,Crockernwell,60,10.2,RJF,16.2,18,RJF_20180944
N,Y638711,,Willow Tit,WILTI,3,,29/09/2018,09:00,Crockernwell,61,10.3,RJF,16.3,18.4,RJF_20180945
,TL73373,,Dunnock,DUNNO,3,,30/09/2018,10:00,Crockernwell,72,21.8,RJF,22.1,24.7,RJF_20180939
N,LC97736,,Blackbird,BLABI,3,F,30/09/2018,07:00,Crockernwell,135,96.5,RJF,34.2,38,RJF_20180946
N,Y638712,,Robin,ROBIN,4,,30/09/2018,07:00,Crockernwell,70,17.8,RJF,25.2,27.8,RJF_20180947
N,Y638713,,Blue Tit,BLUTI,3,,30/09/2018,08:00,Crockernwell,64,12.6,RJF,17.5,20,RJF_20180948
N,Y638714,,Blue Tit,BLUTI,3,,30/09/2018,08:00,Crockernwell,65,12.4,RJF,18.1,20.6,RJF_20180949
N,Y638715,,Blue Tit,BLUTI,3,,30/09/2018,08:00,Crockernwell,63,10.8,RJF,17,19.7,RJF_20180950
N,Y638716,,Blue Tit,BLUTI,4,,30/09/2018,08:00,Crockernwell,62,10,RJF,16,17.9,RJF_20180951
N,Y638717,,Blue Tit,BLUTI,3,,30/09/2018,08:00,Crockernwell,62,10.5,RJF,17.2,19.6,RJF_20180952
N,Y638718,,Blue Tit,BLUTI,3,,30/09/2018,08:00,Crockernwell,62,10.6,RJF,16.7,19.7,RJF_20180953
N,Y638719,,Robin,ROBIN,4,,30/09/2018,08:00,Crockernwell,71,17.6,RJF,24.6,27.3,RJF_20180954
N,Y638720,,Robin,ROBIN,4,,30/09/2018,08:00,Crockernwell,72,16.9,RJF,25.2,27.4,RJF_20180955
N,AYC3328,,Blue Tit,BLUTI,3,,24/09/2018,,BP,61,9.2,SB,16.2,18.4,SB_20181008
N,AYC3331,,Blue Tit,BLUTI,3J,,24/09/2018,,BP,63,10.9,SB,17,20,SB_20181009
N,AYC3338,,Blue Tit,BLUTI,3J,,24/09/2018,,BP,63,10.8,SB,17.4,20.6,SB_20181010
N,AYC3344,,Blue Tit,BLUTI,3,,24/09/2018,,BP,61,9.4,SB,16,19.1,SB_20181011
N,D534574,,Great Tit,GRETI,4,M,24/09/2018,,BP,76,18.5,SB,21,24,SB_20181012
N,S842393,,Great Tit,GRETI,4,F,24/09/2018,,BP,73,17.3,SB,19.9,23.2,SB_20181013
N,AYC3354,,Robin,ROBIN,3,,25/09/2018,,CB,71,17.4,SB,26.3,28.9,SB_20181014
N,AYC3357,,Blue Tit,BLUTI,4,,25/09/2018,,CB,62,10.9,SB,16.8,19.2,SB_20181015
N,AYC3359,,Robin,ROBIN,3,,25/09/2018,,CB,73,18.6,SB,25.7,28.1,SB_20181016
N,S873997,,Blue Tit,BLUTI,4,,25/09/2018,,CB,65,11.6,SB,17.4,19.8,SB_20181017
N,S873998,,Blue Tit,BLUTI,4,,25/09/2018,,CB,61,9.4,SB,16.4,18.6,SB_20181018
N,VZ80599,,Great Tit,GRETI,4,M,25/09/2018,,CB,74,18.3,SB,21,24,SB_20181019
N,AYC3374,,Blue Tit,BLUTI,3,,26/09/2018,,KB,61,10.4,SB,16.6,19.2,SB_20181020
N,S842727,,Blue Tit,BLUTI,4,,26/09/2018,,KB,63,11,SB,17.7,20.8,SB_20181021
N,VZ80523,,Great Tit,GRETI,3,F,26/09/2018,,KB,70,17,SB,19,21.6,SB_20181022
N,VZ80600,,Great Tit,GRETI,3,M,26/09/2018,,KB,77,19.3,SB,20.6,23.6,SB_20181023
N,VZ80638,,Great Tit,GRETI,4,F,26/09/2018,,KB,72,17.4,SB,20.7,23.9,SB_20181024
N,VZ80985,,Great Tit,GRETI,3,F,26/09/2018,,KB,71,17.1,SB,19.9,22.7,SB_20181025
N,VZ80986,,Great Tit,GRETI,3,F,26/09/2018,,KB,74,18.2,SB,20.1,23.4,SB_20181026
N,AYC3378,,Chaffinch,CHAFF,4,F,27/09/2018,,DW,81,20.9,SB,18.4,21,SB_20181027
N,AYC3383,,Blue Tit,BLUTI,3J,,27/09/2018,,DW,61,10.1,SB,16.5,19,SB_20181028
N,AYC3384,,Blue Tit,BLUTI,3J,,27/09/2018,,DW,65,11.5,SB,17.8,20.7,SB_20181029
N,VZ80987,,Great Tit,GRETI,3,M,27/09/2018,,DW,73,18.8,SB,21.4,23.8,SB_20181030
N,VZ80988,,Great Tit,GRETI,3,M,27/09/2018,,DW,75,19.8,SB,21.7,25,SB_20181031
N,VZ80989,,Great Tit,GRETI,4,F,27/09/2018,,DW,73,16.2,SB,20,22.9,SB_20181032
N,VZ80990,,Great Tit,GRETI,4,M,27/09/2018,,DW,78,18.1,SB,21.1,24.1,SB_20181033
N,VZ80991,,Great Tit,GRETI,3,F,27/09/2018,,DW,70,17.4,SB,20.4,23.2,SB_20181034
N,VZ80992,,Great Tit,GRETI,3,F,27/09/2018,,DW,73,19.8,SB,20.3,23.2,SB_20181035
N,VZ80993,,Great Tit,GRETI,3,F,27/09/2018,,DW,72,17.3,SB,20.3,23.1,SB_20181036
N,VZ80994,,Great Tit,GRETI,3,F,27/09/2018,,DW,72,18.1,SB,19.9,22.9,SB_20181037
N,AFB9934,,Robin,ROBIN,3,,29/09/2018,,FORC,76,17.8,SB,25.8,28.7,SB_20181038
N,AFB9935,,Great Tit,GRETI,4,F,29/09/2018,,FORC,73,17,SB,18.6,21.3,SB_20181039
N,AFB9937,,Blue Tit,BLUTI,3,,29/09/2018,,FORC,63,10.4,SB,17,19.2,SB_20181040
N,AFB9942,,Blue Tit,BLUTI,3,,29/09/2018,,FORC,61,9.9,SB,16.4,18.9,SB_20181041
N,AFB9943,,Great Tit,GRETI,4,F,29/09/2018,,FORC,74,17.5,SB,20.9,23.8,SB_20181042
N,AFB9945,,Great Tit,GRETI,4,M,29/09/2018,,FORC,77,20.8,SB,22,25.1,SB_20181043
N,AFB9949,,Great Tit,GRETI,3,F,29/09/2018,,FORC,74,17.5,SB,20,23.3,SB_20181044
N,AFB9951,,Great Tit,GRETI,4,F,29/09/2018,,FORC,76,17.5,SB,21,23.6,SB_20181045
N,AFB9952,,Blue Tit,BLUTI,4,,29/09/2018,,FORC,65,10.9,SB,17.8,20.1,SB_20181046
N,AFB9956,,Chaffinch,CHAFF,4,M,29/09/2018,,FORC,89,21.8,SB,18.7,21,SB_20181047
N,AFB9957,,Blue Tit,BLUTI,3,,29/09/2018,,FORC,59,10.7,SB,17.4,20.3,SB_20181048
N,AFB9958,,Blue Tit,BLUTI,3,,29/09/2018,,FORC,61,9.6,SB,16.6,18.9,SB_20181049
N,AFB9960,,Chaffinch,CHAFF,3,M,29/09/2018,,FORC,87,20.8,SB,18.4,21.1,SB_20181050
N,AFB9961,,Chaffinch,CHAFF,4,F,29/09/2018,,FORC,81,19.5,SB,17.9,19.7,SB_20181051
N,AFB9962,,Chaffinch,CHAFF,3,M,29/09/2018,,FORC,84,21.1,SB,18,20.8,SB_20181052
N,AFB9964,,Chaffinch,CHAFF,3,F,29/09/2018,,FORC,78,18.3,SB,18,20.8,SB_20181053
N,AFB9966,,Blue Tit,BLUTI,3,,29/09/2018,,FORC,62,10.5,SB,16.7,19.3,SB_20181054
N,AFB9972,,Blue Tit,BLUTI,4,,29/09/2018,,FORC,65,10,SB,16.9,19.5,SB_20181055
N,AFB9973,,Great Tit,GRETI,3,F,29/09/2018,,FORC,70,17.9,SB,20.7,23.8,SB_20181056
N,AFB9976,,Blue Tit,BLUTI,3,,29/09/2018,,FORC,59,10,SB,16.7,19.3,SB_20181057
N,AFB9978,,Blue Tit,BLUTI,3,,29/09/2018,,FORC,62,10.5,SB,16.7,19.1,SB_20181058
N,LH54415,,Blackbird,BLABI,3,F,29/09/2018,,FORC,124,91.9,SB,36,41.3,SB_20181059
N,NZ05849,,Great Tit,GRETI,3,F,30/09/2018,,BP,72,17.5,SB,20.4,23,SB_20181060
N,S873825,,Blue Tit,BLUTI,3,,30/09/2018,,BP,61,10.3,SB,16.6,19.1,SB_20181061
N,S873827,,Chaffinch,CHAFF,4,F,30/09/2018,,BP,79,,SB,18.4,21.3,SB_20181062
N,NZ05850,,Great Tit,GRETI,3,M,01/10/2018,,DD,76,19.5,SB,20.6,23.6,SB_20181063
N,NZ05851,,Great Tit,GRETI,3,M,01/10/2018,,DD,76,20.2,SB,20.5,23.8,SB_20181064
N,NZ05852,,Great Tit,GRETI,3,M,01/10/2018,,DD,76,19.7,SB,21.5,24.6,SB_20181065
N,S152240,,Great Tit,GRETI,4,F,01/10/2018,,DD,75,18.3,SB,20,23,SB_20181066
N,S842965,,Blue Tit,BLUTI,4,,01/10/2018,,DD,62,9.8,SB,15.5,18.2,SB_20181067
N,S873829,,Blue Tit,BLUTI,3,,01/10/2018,,DD,63,10.2,SB,17.2,19.9,SB_20181068
N,S873830,,Robin,ROBIN,3,,01/10/2018,,DD,74,18.1,SB,26.6,29.1,SB_20181069
N,S873831,,Robin,ROBIN,4,,01/10/2018,,DD,76,20.2,SB,26.5,29.2,SB_20181070
N,S873832,,Blue Tit,BLUTI,3,,01/10/2018,,DD,66,10.4,SB,17.8,20.4,SB_20181071
N,S873833,,Blue Tit,BLUTI,3,,01/10/2018,,DD,61,9.9,SB,16.1,18.6,SB_20181072
N,VZ72668,,Great Tit,GRETI,4,F,01/10/2018,,DD,74,17.3,SB,21.2,24.3,SB_20181073
N,VZ80771,,Great Tit,GRETI,4,M,01/10/2018,,DD,75,18.2,SB,20.4,23.4,SB_20181074
N,AFB9981,,Great Tit,GRETI,3,F,02/10/2018,,FORC,70,17.8,SB,19.7,22.4,SB_20181075
N,AFB9982,,Great Tit,GRETI,3,F,02/10/2018,,FORC,72,18.8,SB,21,24.1,SB_20181076
N,AFB9984,,Great Tit,GRETI,3,F,02/10/2018,,FORC,73,17,SB,19.8,22.7,SB_20181077
N,AFB9987,,Blue Tit,BLUTI,3,,02/10/2018,,FORC,62,10.4,SB,16.9,19.8,SB_20181078
N,AFB9990,,Blue Tit,BLUTI,3,,02/10/2018,,FORC,63,10.1,SB,17.2,19.7,SB_20181079
N,NZ05853,,Great Tit,GRETI,3,M,04/10/2018,,IN,76,18.7,SB,20.6,23.6,SB_20181080
N,S842428,,Blue Tit,BLUTI,4,,04/10/2018,,IN,63,9.6,SB,16.4,19,SB_20181081
N,S842500,,Great Tit,GRETI,4,M,04/10/2018,,IN,75,18.4,SB,20.7,23.7,SB_20181082
N,Z663192,,Blue Tit,BLUTI,4,,04/10/2018,,IN,66,10.6,SB,17.1,19.6,SB_20181083
N,AVA4591,,Blue Tit,BLUTI,3,,06/10/2018,,CCBO,64,10.8,SB,17.3,20.1,SB_20181084
N,AVA4624,,Blue Tit,BLUTI,3,,06/10/2018,,CCBO,62,10.2,SB,15.7,18.2,SB_20181085
N,AVA4626,,Blue Tit,BLUTI,3,,06/10/2018,,CCBO,62,10.3,SB,16.5,18.7,SB_20181086
N,AVA4650,,Robin,ROBIN,3,,06/10/2018,,CCBO,71,17.3,SB,26.4,29.4,SB_20181087
N,AVA4651,,Blue Tit,BLUTI,3,,06/10/2018,,CCBO,61,9.5,SB,16,18.7,SB_20181088
N,AVA4654,,Great Tit,GRETI,3,M,06/10/2018,,CCBO,73,17.1,SB,20.1,23.3,SB_20181089
N,AVA4655,,Great Tit,GRETI,3,F,06/10/2018,,CCBO,72,16.7,SB,20.3,23.4,SB_20181090
N,AVA4657,,Great Tit,GRETI,3,M,06/10/2018,,CCBO,76,19,SB,20.7,23.7,SB_20181091
N,AVA4660,,Blue Tit,BLUTI,3,,06/10/2018,,CCBO,59,9.7,SB,16.1,18.6,SB_20181092
N,AVA4661,,Great Tit,GRETI,3,F,06/10/2018,,CCBO,70,16.5,SB,19.8,22.8,SB_20181093
N,AVA4662,,Chaffinch,CHAFF,3,F,06/10/2018,,CCBO,82,22.3,SB,18.6,21.6,SB_20181094
N,AVA4663,,Chaffinch,CHAFF,3,F,06/10/2018,,CCBO,80,20.1,SB,18.6,21.6,SB_20181095
N,AVA4664,,Chaffinch,CHAFF,3,M,06/10/2018,,CCBO,87,21.2,SB,18.7,21.6,SB_20181096
N,AVA4665,,Chaffinch,CHAFF,4,F,06/10/2018,,CCBO,83,19,SB,17.9,20.3,SB_20181097
N,AVA4666,,Chaffinch,CHAFF,3,F,06/10/2018,,CCBO,80,19.4,SB,19,21.8,SB_20181098
N,AVA4667,,Chaffinch,CHAFF,4,F,06/10/2018,,CCBO,81,19.3,SB,17.6,20.3,SB_20181099
N,AVA4668,,Chaffinch,CHAFF,3,F,06/10/2018,,CCBO,80,20.3,SB,18.6,20.8,SB_20181100
N,AVA4669,,Chaffinch,CHAFF,4,F,06/10/2018,,CCBO,84,20.7,SB,19.1,22.3,SB_20181101
N,AVA4670,,Chaffinch,CHAFF,3,F,06/10/2018,,CCBO,79,19.7,SB,17.3,19.9,SB_20181102
N,AVA4671,,Chaffinch,CHAFF,3,F,06/10/2018,,CCBO,81,20.3,SB,19,21.5,SB_20181103
N,AVA4672,,Chaffinch,CHAFF,4,F,06/10/2018,,CCBO,83,21,SB,17.9,20.7,SB_20181104
N,AVA4673,,Chaffinch,CHAFF,3,F,06/10/2018,,CCBO,80,18.4,SB,17.5,20.2,SB_20181105
N,AVA4674,,Chaffinch,CHAFF,3,F,06/10/2018,,CCBO,77,19.9,SB,17.7,20.3,SB_20181106
N,AVA4675,,Chaffinch,CHAFF,3,F,06/10/2018,,CCBO,79,19.7,SB,17.5,19.9,SB_20181107
N,AVA4695,,Blue Tit,BLUTI,3,,06/10/2018,,CCBO,61,9.7,SB,16.7,19.5,SB_20181108
N,AVA4696,,Blue Tit,BLUTI,3,,06/10/2018,,CCBO,60,9.3,SB,16.9,19.5,SB_20181109
N,AVA4697,,Great Tit,GRETI,3,F,06/10/2018,,CCBO,74,17.8,SB,19.7,23.1,SB_20181110
N,AVA4698,,Chaffinch,CHAFF,4,F,06/10/2018,,CCBO,79,18.2,SB,18.4,21.1,SB_20181111
N,AVA4699,,Blue Tit,BLUTI,3,,06/10/2018,,CCBO,60,9.6,SB,15.8,18.8,SB_20181112
N,AVA4700,,Chaffinch,CHAFF,3,M,06/10/2018,,CCBO,85,23.2,SB,18,20.7,SB_20181113
N,AVA4701,,Chaffinch,CHAFF,3,F,06/10/2018,,CCBO,82,21.9,SB,18.9,21.8,SB_20181114
N,AVA4703,,Blue Tit,BLUTI,3,,06/10/2018,,CCBO,63,10.5,SB,17.2,19.7,SB_20181115
N,AVA4631,,Robin,ROBIN,3,,07/10/2018,,CCBO,73,17.2,SB,26,28.7,SB_20181116
N,AVA4706,,Chaffinch,CHAFF,3,F,07/10/2018,,CCBO,81,21,SB,18.7,21.5,SB_20181117
N,AVA4707,,Chaffinch,CHAFF,3,F,07/10/2018,,CCBO,84,21.3,SB,18.3,22.2,SB_20181118
N,AVA4708,,Blue Tit,BLUTI,3,,07/10/2018,,CCBO,60,10.3,SB,16.8,20,SB_20181119
N,X469531,,Robin,ROBIN,4,,07/10/2018,,CCBO,74,17,SB,25.1,28.1,SB_20181120
N,NZ05854,,Great Tit,GRETI,3,M,08/10/2018,,DW,76,19.7,SB,20.3,23.2,SB_20181121
N,NZ05855,,Great Tit,GRETI,3,F,08/10/2018,,DW,73,17.4,SB,21.2,24.6,SB_20181122
N,NZ05856,,Great Tit,GRETI,3,F,08/10/2018,,DW,72,16.5,SB,19.7,22.6,SB_20181123
N,NZ05857,,Great Tit,GRETI,3,F,08/10/2018,,DW,71,18.6,SB,20.2,23.3,SB_20181124
N,NZ05858,,Great Tit,GRETI,3,M,08/10/2018,,DW,76,18.1,SB,21.3,24.2,SB_20181125
N,NZ05859,,Great Tit,GRETI,3,F,08/10/2018,,DW,73,18,SB,20.2,22.8,SB_20181126
N,NZ05860,,Great Tit,GRETI,3,F,08/10/2018,,DW,73,16.9,SB,21.1,24.1,SB_20181127
N,NZ05861,,Great Tit,GRETI,4,M,08/10/2018,,DW,77,18.3,SB,21,23.9,SB_20181128
N,S873838,,Blue Tit,BLUTI,3,,08/10/2018,,DW,63,10.7,SB,17.1,19.6,SB_20181129
N,S873839,,Chaffinch,CHAFF,4,F,08/10/2018,,DW,83,18.6,SB,18.1,21,SB_20181130
N,S873840,,Blue Tit,BLUTI,3J,,08/10/2018,,DW,66,10.9,SB,16,18.7,SB_20181131
N,S873843,,Chaffinch,CHAFF,3,F,08/10/2018,,DW,79,19.2,SB,19.1,21.6,SB_20181132
N,S873844,,Chaffinch,CHAFF,3,M,08/10/2018,,DW,87,20.8,SB,19.3,22.2,SB_20181133
N,S873845,,Chaffinch,CHAFF,3,M,08/10/2018,,DW,86,20.6,SB,18.3,21.2,SB_20181134
N,S873846,,Chaffinch,CHAFF,3,F,08/10/2018,,DW,80,21.1,SB,18,20.7,SB_20181135
N,S873847,,Chaffinch,CHAFF,3,F,08/10/2018,,DW,80,19.8,SB,18.1,20.8,SB_20181136
N,S873848,,Chaffinch,CHAFF,4,F,08/10/2018,,DW,84,19.1,SB,18.1,21,SB_20181137
N,S873849,,Chaffinch,CHAFF,3,M,08/10/2018,,DW,87,22.3,SB,18.5,21.2,SB_20181138
N,S873850,,Chaffinch,CHAFF,3,F,08/10/2018,,DW,78,19.3,SB,18.2,20.8,SB_20181139
N,S873851,,Chaffinch,CHAFF,3,F,08/10/2018,,DW,83,20.4,SB,18.8,21.7,SB_20181140
N,S873852,,Chaffinch,CHAFF,3,F,08/10/2018,,DW,83,19.8,SB,18.9,21.7,SB_20181141
N,S873853,,Chaffinch,CHAFF,3,F,08/10/2018,,DW,80,18.7,SB,18.4,21.1,SB_20181142
N,S873854,,Chaffinch,CHAFF,3,M,08/10/2018,,DW,86,23,SB,19,21.7,SB_20181143
N,S873855,,Chaffinch,CHAFF,3,F,08/10/2018,,DW,80,18.4,SB,18.9,21.5,SB_20181144
N,S873856,,Blue Tit,BLUTI,3,,08/10/2018,,DW,61,9.9,SB,16.5,18.8,SB_20181145
