species,code,age,sex,visit_date,wing,weight,min_t,max_t,ringer,sheet
Great Tit,GRETI,5,F,08/02/2018,74,17.9,18.3,21.8,JS,Wales_20180406
Hawfinch,HAWFI,6,M,09/03/2018,107,,21.9,25.9,MPS,Wales_20180405
Great Tit,GRETI,5,F,09/03/2018,72,,19.8,22.6,JS,Wales_20180406
Great Tit,GRETI,6,M,09/03/2018,77,,28.2,29,JS,Wales_20180406
Great Tit,GRETI,6,M,09/03/2018,76,,19,22.5,MPS,Wales_20180406
Great Tit,GRETI,6,M,09/03/2018,73,17.1,20.7,23.5,MPS,Wales_20180406
Great Tit,GRETI,6,M,09/03/2018,75,17.6,20.3,24.2,MPS,Wales_20180406
Great Tit,GRETI,6,M,09/03/2018,72,15.5,19.2,22.5,JS,Wales_20180406
Great Tit,GRETI,5,M,09/03/2018,72,,19.1,22.2,MPS,Wales_20180406
Great Tit,GRETI,6,F,09/03/2018,71,20.9,19.8,22.8,JS,Wales_20180406
Great Tit,GRETI,5,M,09/03/2018,74,22,20,23.2,JS,Wales_20180406
Great Tit,GRETI,5,M,09/03/2018,75,18.6,21.8,24.8,JS,Wales_20180406
Great Tit,GRETI,5,M,16/03/2018,74,19.3,20.3,23.6,MPS,Wales_20180406
Chaffinch,CHAFF,5,M,27/03/2018,84,,18.5,21.2,SB,SB_20180419
Chaffinch,CHAFF,6,M,27/03/2018,85,17.8,16.3,18.9,SB,SB_20180419
Chaffinch,CHAFF,6,M,27/03/2018,90,20.8,18.6,21.9,SB,SB_20180419
Blackbird,BLABI,6,M,27/03/2018,129,87.8,32.8,37.4,SB,SB_20180419
Chaffinch,CHAFF,6,M,27/03/2018,88,19.4,19.2,22,SB,SB_20180419
Chaffinch,CHAFF,6,F,27/03/2018,86,17.6,18.2,22.8,SB,SB_20180419
Brambling,BRAMB,5,F,05/04/2018,89,23.1,19.4,21.8,MPS,Wales_20180405
Brambling,BRAMB,6,M,05/04/2018,90,25.5,18.1,21.3,JS,Wales_20180405
Chaffinch,CHAFF,4,F,05/04/2018,79,18.7,18,20.5,JS,Wales_20180405
Chaffinch,CHAFF,4,M,05/04/2018,,,18.1,21.3,JS,Wales_20180405
Great Tit,GRETI,5,M,05/04/2018,75,18.9,20.7,24.2,JS,Wales_20180405
Great Tit,GRETI,6,M,05/04/2018,75,14.6,23.1,25.6,MPS,Wales_20180405
Great Tit,GRETI,6,M,05/04/2018,77,17.5,20.3,23.7,RJF,Wales_20180405
Hawfinch,HAWFI,6,F,05/04/2018,105,65,23.1,26.2,MPS,Wales_20180405
Hawfinch,HAWFI,6,F,05/04/2018,103,60.3,22,25.9,RJF,Wales_20180405
Hawfinch,HAWFI,5,M,05/04/2018,103,63.3,23.4,26.4,RJF,Wales_20180405
Hawfinch,HAWFI,6,M,05/04/2018,106,52.9,20.1,22.9,MPS,Wales_20180405
Hawfinch,HAWFI,5,M,05/04/2018,102,62.6,20.5,25,JS,Wales_20180405
Hawfinch,HAWFI,5,M,05/04/2018,104,54.2,24,26.1,RJF,Wales_20180405
Hawfinch,HAWFI,5,F,05/04/2018,102,57.3,22.1,26.2,RJF,Wales_20180405
Nuthatch,NUTHA,4,M,05/04/2018,82,21.3,20,21.8,JS,Wales_20180405
Wren,WREN,5,U,05/04/2018,47,,18.4,20.3,JS,Wales_20180405
Blackbird,BLABI,6,M,12/04/2018,130,92.2,35.8,40.6,SB,SB_20180419
Blackbird,BLABI,5,F,12/04/2018,127,91.7,35,39.7,SB,SB_20180419
Blue Tit,BLUTI,6,M,12/04/2018,66,,17.8,20.3,SB,SB_20180419
Chaffinch,CHAFF,6,F,12/04/2018,81,20.1,18.5,21.1,SB,SB_20180419
Blue Tit,BLUTI,5,,12/04/2018,62,9.8,16.6,19.4,SB,SB_20180419
Blue Tit,BLUTI,5,,12/04/2018,63,10.3,16.7,19.4,SB,SB_20180419
Blackbird,BLABI,6,F,12/04/2018,124,103.5,34.1,39,SB,SB_20180419
Blackbird,BLABI,6,M,12/04/2018,128,93.8,34,39.2,SB,SB_20180419
Great Tit,GRETI,5,F,12/04/2018,70,17.5,19.9,22.2,SB,SB_20180419
Great Tit,GRETI,5,M,12/04/2018,74,18.5,20.7,23.5,SB,SB_20180419
Brambling,BRAMB,5,F,12/04/2018,89,19.1,19.7,21,JS,Wales_20180412
Chaffinch,CHAFF,5,M,12/04/2018,77,18.1,18.2,22.1,JS,Wales_20180412
Great Tit,GRETI,5,M,12/04/2018,77,18.6,19.9,22.6,JS,Wales_20180412
Great Tit,GRETI,5,M,12/04/2018,75,18.5,20.4,23.5,JS,Wales_20180412
Hawfinch,HAWFI,6,F,12/04/2018,104,50.7,25.5,29.4,JS,Wales_20180412
Hawfinch,HAWFI,6,F,12/04/2018,101,55.4,21.5,26,JS,Wales_20180412
Robin,ROBIN,5,M,12/04/2018,75,19.5,21.9,26,RJF,Wales_20180412
Blackbird,BLABI,6,M,20/04/2018,133,91.1,34.2,38.1,ARC,SB_AC_20180424
Blackbird,BLABI,6,F,20/04/2018,122,95.8,33.4,38.4,ARC,SB_AC_20180424
Chaffinch,CHAFF,6,M,20/04/2018,89,20.4,18.5,21,ARC,SB_AC_20180424
Dunnock,DUNNO,6,M,20/04/2018,70,22.1,22.3,23.9,ARC,SB_AC_20180424
Wren,WREN,6,,20/04/2018,50,,17.9,19.5,ARC,SB_AC_20180424
Chaffinch,CHAFF,6,F,20/04/2018,79,18.7,17.9,19.7,ARC,SB_AC_20180424
Blackbird,BLABI,6,M,20/04/2018,131,95.7,34,38.9,ARC,SB_AC_20180424
Blackcap,BLACA,6,M,20/04/2018,74,15.7,20.3,22.4,ARC,SB_AC_20180424
Blackcap,BLACA,5,M,20/04/2018,74,16.2,20.3,23.6,SB,SB_AC_20180424
Chaffinch,CHAFF,6,F,20/04/2018,83,21.3,18.4,21.1,SB,SB_AC_20180424
Blue Tit,BLUTI,6,F,20/04/2018,61,11.6,16.8,19.1,SB,SB_AC_20180424
Blackbird,BLABI,5,M,20/04/2018,128,94.9,32.9,37.5,SB,SB_AC_20180424
Robin,ROBIN,6,,20/04/2018,70,19.5,25.2,28,SB,SB_AC_20180424
Great Tit,GRETI,6,F,20/04/2018,70,20.9,20,23.2,SB,SB_AC_20180424
Chaffinch,CHAFF,6,M,21/04/2018,89,20.2,18.1,20.7,SB,SB_AC_20180424
Chaffinch,CHAFF,6,M,21/04/2018,88,22.4,18.2,20.8,SB,SB_AC_20180424
Robin,ROBIN,6,F,21/04/2018,74,20.6,26.8,29.9,SB,SB_AC_20180424
Blackbird,BLABI,6,M,25/04/2018,131,89.5,34.1,39.1,SB,SB_20180510
Blackbird,BLABI,6,F,30/04/2018,126,103,33.6,38.5,SB,SB_20180510
Robin,ROBIN,6,M,30/04/2018,76,18.5,24.6,27.5,SB,SB_20180510
Great Tit,GRETI,5,M,03/05/2018,76,19.4,20.8,23.1,JS,Wales_20180503
Great Tit,GRETI,6,F,03/05/2018,72,20.6,21,24,JS,Wales_20180503
Great Tit,GRETI,6,M,03/05/2018,76,18.7,20.5,23.7,JS,Wales_20180503
Great Tit,GRETI,5,F,03/05/2018,70,21.3,20.1,23,JS,Wales_20180503
Great Tit,GRETI,6,M,03/05/2018,75,20.7,21,24.1,JS,Wales_20180503
Great Tit,GRETI,5,M,03/05/2018,77,,21,23.2,JS,Wales_20180503
Great Tit,GRETI,6,M,03/05/2018,74,,21.8,23,JS,Wales_20180503
Great Tit,GRETI,6,M,03/05/2018,72,19,20.8,23.8,JS,Wales_20180503
Great Tit,GRETI,6,F,03/05/2018,73,21.4,20.5,22.8,JS,Wales_20180503
Great Tit,GRETI,5,M,03/05/2018,77,20,20.3,22.7,JS,Wales_20180503
Great Tit,GRETI,5,M,03/05/2018,75,20.3,20.6,24,JS,Wales_20180503
Great Tit,GRETI,5,M,03/05/2018,79,,20.1,23.2,JS,Wales_20180503
Great Tit,GRETI,6,m,03/05/2018,,,21.1,23.7,RJF,Wales_20180503
Hawfinch,HAWFI,6,F,03/05/2018,103,52.3,21.5,25,RJF,Wales_20180503
Hawfinch,HAWFI,6,M,03/05/2018,106,56.2,22.4,26.6,RJF,Wales_20180503
Hawfinch,HAWFI,6,M,03/05/2018,102,52,22.6,26.3,JS,Wales_20180503
Nuthatch,NUTHA,4,M,03/05/2018,87,24.1,19,21.8,JS,Wales_20180503
Blackbird,BLABI,6,M,10/05/2018,129,93.6,34.2,38.4,SB,SB_20180510
Blackbird,BLABI,5,M,13/05/2018,125,94.8,34.1,38.9,IDH,SB_20180705
Blue Tit,BLUTI,5,F,13/05/2018,62,10.5,16.4,17.8,IDH,SB_20180705
Chaffinch,CHAFF,6,F,13/05/2018,80,18.6,16.5,17.7,IDH,SB_20180705
Chaffinch,CHAFF,6,M,13/05/2018,85,19.5,18.5,21.2,IDH,SB_20180705
Blue Tit,BLUTI,6,,16/05/2018,59,12.02,16.4,19.6,JS,JS_20180526
Blue Tit,BLUTI,6,,16/05/2018,61,,16.1,19.6,JS,JS_20180526
Blue Tit,BLUTI,5,,16/05/2018,61,,17,19.9,JS,JS_20180526
Blue Tit,BLUTI,5,,16/05/2018,62,,18,20,JS,JS_20180526
Blue Tit,BLUTI,6,,16/05/2018,60,,16.6,19.9,JS,JS_20180526
Blue Tit,BLUTI,6,,16/05/2018,61,,16.8,19.7,JS,JS_20180526
Blue Tit,BLUTI,5,,16/05/2018,61,,17.3,20.4,JS,JS_20180526
Blue Tit,BLUTI,6,,16/05/2018,61,,16.8,19.7,JS,JS_20180526
Blue Tit,BLUTI,5,,16/05/2018,59,,16.1,18.5,JS,JS_20180526
Pied Flycatcher,PIEFL,5,F,16/05/2018,77,,16.7,19.4,JS,JS_20180526
Pied Flycatcher,PIEFL,5,F,16/05/2018,77,,17.6,19.7,JS,JS_20180526
Pied Flycatcher,PIEFL,6,F,16/05/2018,79,,16.9,20.1,JS,JS_20180526
Pied Flycatcher,PIEFL,6,F,16/05/2018,78,,17,20.3,JS,JS_20180526
Pied Flycatcher,PIEFL,6,F,16/05/2018,76,,17.6,20.1,JS,JS_20180526
Pied Flycatcher,PIEFL,6,F,16/05/2018,78,,18.1,20.5,JS,JS_20180526
Pied Flycatcher,PIEFL,6,F,16/05/2018,76,,17.7,19.9,JS,JS_20180526
Pied Flycatcher,PIEFL,6,F,16/05/2018,77,,16.6,18.9,JS,JS_20180526
Pied Flycatcher,PIEFL,6,F,16/05/2018,77,,17.2,19.2,JS,JS_20180526
Pied Flycatcher,PIEFL,5,F,16/05/2018,76,,16.4,18.9,JS,JS_20180526
Pied Flycatcher,PIEFL,6,F,16/05/2018,75,,17.3,20,JS,JS_20180526
Pied Flycatcher,PIEFL,6,F,16/05/2018,75,,16.4,19.2,JS,JS_20180526
Pied Flycatcher,PIEFL,6,F,16/05/2018,76,,16.6,19.7,JS,JS_20180526
Coal Tit,COATI,6,F,23/05/2018,60,8.7,17.3,18.7,IDH,IDH_20180822
Coal Tit,COATI,6,F,23/05/2018,61,9.3,17.7,19.4,IDH,IDH_20180822
Coal Tit,COATI,6,M,23/05/2018,62,8.5,18.3,19.9,IDH,IDH_20180822
Coal Tit,COATI,5,M,23/05/2018,60,8.7,17.5,19,IDH,IDH_20180822
Coal Tit,COATI,6,F,23/05/2018,60,9,17.6,19.1,IDH,IDH_20180822
Pied Flycatcher,PIEFL,6,F,23/05/2018,76,15.51,16.5,19.9,JS,JS_20180526
Pied Flycatcher,PIEFL,6,F,23/05/2018,75,15,16.3,19.9,JS,JS_20180526
Pied Flycatcher,PIEFL,5,F,23/05/2018,78,16.43,18,20.7,JS,JS_20180526
Pied Flycatcher,PIEFL,5,F,23/05/2018,78,15.49,16.5,19.6,JS,JS_20180526
Pied Flycatcher,PIEFL,6,F,23/05/2018,76,14.73,16,19.5,JS,JS_20180526
Pied Flycatcher,PIEFL,5,F,23/05/2018,76,15.1,16.3,19.3,JS,JS_20180526
Pied Flycatcher,PIEFL,6,F,23/05/2018,76,14.12,16.2,19,JS,JS_20180526
Pied Flycatcher,PIEFL,5,F,23/05/2018,75,14.76,16.3,18.9,JS,JS_20180526
Blue Tit,BLUTI,6,,23/05/2018,64,12.68,16.4,19,JS,JS_20180526
Pied Flycatcher,PIEFL,5,F,23/05/2018,72,14.69,16,18.5,JS,JS_20180526
Coal Tit,COATI,6,M,24/05/2018,61,8.8,17.2,19,IDH,IDH_20180822
Great Tit,GRETI,6,M,24/05/2018,72,,21.1,24.1,SB,SB_20180705
Coal Tit,COATI,5,M,25/05/2018,61,9.3,16.9,18.7,IDH,IDH_20180822
Coal Tit,COATI,6,F,25/05/2018,61,8.7,16.9,18.5,IDH,IDH_20180822
Coal Tit,COATI,5,F,25/05/2018,60,9.4,17.3,18.8,IDH,IDH_20180822
Coal Tit,COATI,6,M,25/05/2018,62,8.8,17.7,19.3,IDH,IDH_20180822
Great Tit,GRETI,6,F,25/05/2018,75,17.2,20.4,22.8,IDH,IDH_20180822
Great Tit,GRETI,6,M,25/05/2018,79,18.3,19.5,21.6,IDH,IDH_20180822
Coal Tit,COATI,6,M,26/05/2018,62,8.7,17.7,18.9,IDH,IDH_20180822
Coal Tit,COATI,5,F,26/05/2018,60,8.9,17.7,18.9,IDH,IDH_20180822
Great Tit,GRETI,5,F,26/05/2018,73,17.7,21.1,24.2,IDH,IDH_20180822
Great Tit,GRETI,5,M,26/05/2018,74,17.3,21.3,23.8,IDH,IDH_20180822
Great Tit,GRETI,5,F,26/05/2018,72,16.6,19.5,21.7,IDH,IDH_20180822
Great Tit,GRETI,6,M,26/05/2018,75,19.2,20.6,23.5,IDH,IDH_20180822
Coal Tit,COATI,5,M,27/05/2018,63,8.9,17.6,19.5,IDH,IDH_20180822
Great Tit,GRETI,6,F,27/05/2018,75,17.9,18.9,21.5,IDH,IDH_20180822
Great Tit,GRETI,6,M,27/05/2018,78,18.6,20.7,23.1,IDH,IDH_20180822
Great Tit,GRETI,6,M,27/05/2018,76,18.1,21,23.8,IDH,IDH_20180822
Great Tit,GRETI,5,F,27/05/2018,72,16.5,20,22.5,IDH,IDH_20180822
Blue Tit,BLUTI,5,F,27/05/2018,59,9,17,19.6,SB,SB_20180705
Blue Tit,BLUTI,6,M,27/05/2018,66,9.4,17.5,19.6,SB,SB_20180705
Blue Tit,BLUTI,6,M,27/05/2018,65,9.8,17.4,20.8,SB,SB_20180705
Great Tit,GRETI,6,M,27/05/2018,79,18.6,21.2,24,SB,SB_20180705
Great Tit,GRETI,6,F,27/05/2018,74,17.6,20.4,23.4,SB,SB_20180705
Great Tit,GRETI,6,F,27/05/2018,74,17.5,19.8,22.9,SB,SB_20180705
Coal Tit,COATI,5,F,28/05/2018,59,8.9,17.7,19.5,IDH,IDH_20180822
Coal Tit,COATI,6,M,28/05/2018,61,8.9,17.7,19.6,IDH,IDH_20180822
Blue Tit,BLUTI,5,F,28/05/2018,60,9.6,16.4,19.4,SB,SB_20180705
Blue Tit,BLUTI,6,F,28/05/2018,62,10.3,16.7,19,SB,SB_20180705
Great Tit,GRETI,6,M,28/05/2018,77,18.8,21.7,24.5,SB,SB_20180705
Great Tit,GRETI,5,F,28/05/2018,71,16.9,20.5,23.6,SB,SB_20180705
Blue Tit,BLUTI,6,M,28/05/2018,67,10.9,18.3,21.1,SB,SB_20180705
Great Tit,GRETI,5,M,29/05/2018,76,16.7,20.3,23,IDH,IDH_20180822
Great Tit,GRETI,5,F,29/05/2018,70,16.8,19,21.6,IDH,IDH_20180822
Blue Tit,BLUTI,5,F,29/05/2018,60,9.8,16.1,18.7,SB,SB_20180705
Great Tit,GRETI,6,M,29/05/2018,76,17.3,19.9,22.9,SB,SB_20180705
Blue Tit,BLUTI,5,F,30/05/2018,62,9.9,15.7,17.4,IDH,IDH_20180822
Blue Tit,BLUTI,5,M,30/05/2018,67,10.3,17.1,19.6,IDH,IDH_20180822
Coal Tit,COATI,5,F,30/05/2018,60,9,17.2,19,IDH,IDH_20180822
Great Tit,GRETI,6,F,30/05/2018,74,17.5,20.8,23.2,IDH,IDH_20180822
Great Tit,GRETI,6,M,30/05/2018,78,17.6,20.9,23.2,IDH,IDH_20180822
Great Tit,GRETI,6,M,30/05/2018,77,17.6,21,23.5,SB,SB_20180705
Great Tit,GRETI,5,F,30/05/2018,76,18.3,20.5,23.1,SB,SB_20180705
Great Tit,GRETI,5,F,30/05/2018,72,17.3,20.1,22.6,SB,SB_20180705
Great Tit,GRETI,5,M,30/05/2018,74,17.6,20,23.1,SB,SB_20180705
Great Tit,GRETI,6,F,31/05/2018,74,17.2,20,22.3,IDH,IDH_20180822
Great Tit,GRETI,6,M,31/05/2018,78,18.8,21.4,23.8,IDH,IDH_20180822
Great Tit,GRETI,5,F,31/05/2018,74,18.6,20.4,23.2,IDH,IDH_20180822
Great Tit,GRETI,5,M,31/05/2018,76,18.6,21,23.3,IDH,IDH_20180822
Great Tit,GRETI,5,M,31/05/2018,77,18.9,21.6,24.7,IDH,IDH_20180822
Great Tit,GRETI,5,F,31/05/2018,73,17.4,19.5,22.3,IDH,IDH_20180822
Great Tit,GRETI,5,M,31/05/2018,77,18.7,21.2,24.3,IDH,IDH_20180822
Great Tit,GRETI,6,F,31/05/2018,74,16.8,19,21.2,IDH,IDH_20180822
Great Tit,GRETI,6,M,31/05/2018,77,17.3,21.3,24,SB,SB_20180705
Great Tit,GRETI,6,F,31/05/2018,75,17.5,20.5,23.5,SB,SB_20180705
Great Tit,GRETI,5,F,31/05/2018,72,17,20.8,23.6,SB,SB_20180705
Great Tit,GRETI,5,M,31/05/2018,76,19.2,21.3,24.2,SB,SB_20180705
Blue Tit,BLUTI,6,F,01/06/2018,62,9.5,16.5,18.5,IDH,IDH_20180822
Blue Tit,BLUTI,6,M,01/06/2018,67,10.3,16.6,18.8,IDH,IDH_20180822
Blue Tit,BLUTI,5,F,01/06/2018,59,8.7,15.4,17.5,IDH,IDH_20180822
Blue Tit,BLUTI,5,M,01/06/2018,64,9.4,16.9,18.9,IDH,IDH_20180822
Great Tit,GRETI,5,F,01/06/2018,72,17.5,19.8,22.6,IDH,IDH_20180822
Blue Tit,BLUTI,6,F,02/06/2018,62,10.1,17.2,19.1,IDH,IDH_20180822
Great Tit,GRETI,6,M,02/06/2018,77,18.5,21.1,23.8,IDH,IDH_20180822
Great Tit,GRETI,5,M,02/06/2018,73,17.1,20.8,23.2,IDH,IDH_20180822
Great Tit,GRETI,6,F,02/06/2018,74,16.6,20.2,22.4,IDH,IDH_20180822
Great Tit,GRETI,5,F,02/06/2018,74,17.4,20.5,22.7,IDH,IDH_20180822
Sand Martin,SANMA,,,02/06/2018,105,13.7,10.5,12.8,JS,JS_20180621
Sand Martin,SANMA,,,02/06/2018,104,13.5,11,13.4,JS,JS_20180621
Sand Martin,SANMA,,,02/06/2018,108,13.2,11,13.7,JS,JS_20180621
Sand Martin,SANMA,,,02/06/2018,108,16.3,11.4,14.1,JS,JS_20180621
Sand Martin,SANMA,,,02/06/2018,105,13.4,11.1,12.1,JS,JS_20180621
Sand Martin,SANMA,,,02/06/2018,105,15.1,11.9,14.8,JS,JS_20180621
Sand Martin,SANMA,,,02/06/2018,112,14.7,11,14.7,JS,JS_20180621
Sand Martin,SANMA,,,02/06/2018,108,13.2,10.7,13.2,JS,JS_20180621
Sand Martin,SANMA,,,02/06/2018,108,12.2,10.5,11.7,JS,JS_20180621
Sand Martin,SANMA,,,02/06/2018,104,14,10.2,12,JS,JS_20180621
Great Tit,GRETI,6,F,02/06/2018,73,17.9,20.2,22.5,SB,SB_20180731
Great Tit,GRETI,6,M,02/06/2018,76,17.2,22,25.2,SB,SB_20180731
Great Tit,GRETI,5,M,02/06/2018,75,18.4,21.8,24.7,SB,SB_20180731
Great Tit,GRETI,5,F,02/06/2018,72,16.8,20.9,23.1,SB,SB_20180731
Great Tit,GRETI,5,M,02/06/2018,75,17.9,20.1,23.2,SB,SB_20180731
Blue Tit,BLUTI,5,F,03/06/2018,63,10,17.3,19.2,IDH,IDH_20180822
Blue Tit,BLUTI,6,M,03/06/2018,65,10.5,17.8,19.9,IDH,IDH_20180822
Blue Tit,BLUTI,5,M,03/06/2018,64,10.3,17.1,19.5,IDH,IDH_20180822
Blue Tit,BLUTI,5,F,03/06/2018,60,9.2,16.1,18.4,IDH,IDH_20180822
Great Tit,GRETI,6,M,03/06/2018,77,17.2,20.8,23.2,IDH,IDH_20180822
Great Tit,GRETI,5,M,03/06/2018,74,17.3,20.5,22.7,IDH,IDH_20180822
Great Tit,GRETI,5,F,03/06/2018,72,17.9,20.6,23,IDH,IDH_20180822
Great Tit,GRETI,6,F,03/06/2018,73,16.1,19.8,22.3,IDH,IDH_20180822
Great Tit,GRETI,6,F,03/06/2018,73,17.4,20.8,23.6,SB,SB_20180731
Great Tit,GRETI,6,F,04/06/2018,74,17.8,20.1,22.8,IDH,IDH_20180822
Great Tit,GRETI,6,M,04/06/2018,77,18,21,23.4,IDH,IDH_20180822
Great Tit,GRETI,6,F,04/06/2018,73,17,20.1,22.3,IDH,IDH_20180822
Blue Tit,BLUTI,5,F,04/06/2018,58,9.7,15.2,17.1,SB,SB_20180731
Blue Tit,BLUTI,5,F,04/06/2018,61,9.1,16.8,19,SB,SB_20180731
Blue Tit,BLUTI,6,F,05/06/2018,62,10.4,16.8,18.6,IDH,IDH_20180822
Blue Tit,BLUTI,5,M,05/06/2018,63,9.8,16.7,19.4,IDH,IDH_20180822
Blue Tit,BLUTI,5,M,05/06/2018,63,9.7,17.8,19.8,IDH,IDH_20180822
Blue Tit,BLUTI,5,F,05/06/2018,59,9.6,15.8,18.2,IDH,IDH_20180822
Great Tit,GRETI,5,M,05/06/2018,76,19.3,21.2,23.7,IDH,IDH_20180822
Great Tit,GRETI,6,M,05/06/2018,77,17.3,20.9,23.1,IDH,IDH_20180822
Great Tit,GRETI,6,F,05/06/2018,75,16.7,20.5,23.1,IDH,IDH_20180822
Great Tit,GRETI,5,F,05/06/2018,72,18,20.4,22.8,IDH,IDH_20180822
Blue Tit,BLUTI,5,F,05/06/2018,61,9,16.9,19.5,SB,SB_20180731
Great Tit,GRETI,6,M,05/06/2018,78,19,21.2,24.7,SB,SB_20180731
Great Tit,GRETI,6,F,05/06/2018,72,17.5,20.3,22.8,SB,SB_20180731
Blue Tit,BLUTI,5,F,06/06/2018,61,9.4,16.3,18,IDH,IDH_20180822
Blue Tit,BLUTI,5,M,06/06/2018,65,9.8,16.8,18.7,IDH,IDH_20180822
Great Tit,GRETI,5,M,06/06/2018,76,17.7,20.5,23,IDH,IDH_20180822
Great Tit,GRETI,5,F,06/06/2018,73,18.3,20.5,23.2,IDH,IDH_20180822
Great Tit,GRETI,6,M,06/06/2018,77,18.1,20.8,23,IDH,IDH_20180822
Great Tit,GRETI,6,F,06/06/2018,75,16.9,20.7,22.7,IDH,IDH_20180822
Blue Tit,BLUTI,5,M,06/06/2018,64,10.5,17.2,19.8,SB,SB_20180731
Blue Tit,BLUTI,6,F,06/06/2018,61,9.5,16.7,18.8,SB,SB_20180731
Blue Tit,BLUTI,5,M,06/06/2018,65,10.6,18.3,20.6,SB,SB_20180731
Great Tit,GRETI,5,M,06/06/2018,76,18.1,22,25.2,SB,SB_20180731
Great Tit,GRETI,5,F,06/06/2018,72,18.5,21.1,24,SB,SB_20180731
Blue Tit,BLUTI,5,F,07/06/2018,62,10.4,16.7,18.7,IDH,IDH_20180822
Blue Tit,BLUTI,6,M,07/06/2018,62,9.6,15.8,18.4,IDH,IDH_20180822
Great Tit,GRETI,6,M,07/06/2018,78,17.7,20.4,23,IDH,IDH_20180822
Great Tit,GRETI,5,M,07/06/2018,74,18.6,21.4,24,IDH,IDH_20180822
Great Tit,GRETI,5,F,07/06/2018,71,15.5,19.4,21.9,IDH,IDH_20180822
Great Tit,GRETI,6,F,07/06/2018,75,18.7,20.5,23.3,IDH,IDH_20180822
Great Tit,GRETI,5,M,07/06/2018,73,17.5,20.4,22.9,IDH,IDH_20180822
Great Tit,GRETI,6,F,07/06/2018,74,18.4,20.3,23.3,IDH,IDH_20180822
Great Tit,GRETI,6,F,07/06/2018,73,16.9,20.6,23.1,SB,SB_20180731
Great Tit,GRETI,6,M,07/06/2018,77,18.1,22,25.1,SB,SB_20180731
Great Tit,GRETI,6,M,07/06/2018,78,17.6,21.5,24.4,SB,SB_20180731
Great Tit,GRETI,6,F,07/06/2018,72,16.4,20.1,23,SB,SB_20180731
Great Tit,GRETI,6,M,07/06/2018,77,17.2,19.8,23,SB,SB_20180731
Great Tit,GRETI,6,M,07/06/2018,77,19.4,21.3,24.9,SB,SB_20180731
Great Tit,GRETI,6,F,07/06/2018,73,17.4,20.5,23.2,SB,SB_20180731
Great Tit,GRETI,5,F,07/06/2018,70,17.4,19.9,23.2,SB,SB_20180731
Blue Tit,BLUTI,5,F,08/06/2018,61,9,14.8,16.3,IDH,IDH_20180822
Blue Tit,BLUTI,6,M,08/06/2018,65,9.6,17.7,20,IDH,IDH_20180822
Blue Tit,BLUTI,6,F,08/06/2018,64,10.6,16.3,18.9,IDH,IDH_20180822
Great Tit,GRETI,6,M,08/06/2018,76,17.7,21.1,23.5,IDH,IDH_20180822
Great Tit,GRETI,6,M,08/06/2018,74,17.2,20.7,23.1,IDH,IDH_20180822
Great Tit,GRETI,5,F,08/06/2018,72,16.5,20,22.3,IDH,IDH_20180822
Great Tit,GRETI,5,F,08/06/2018,73,17.9,19.8,22.5,IDH,IDH_20180822
Blue Tit,BLUTI,5,F,08/06/2018,61,10,17,19.8,SB,SB_20180731
Blue Tit,BLUTI,5,M,08/06/2018,65,10,17.1,19.7,SB,SB_20180731
Blue Tit,BLUTI,6,F,09/06/2018,61,9.9,16.8,18.9,IDH,IDH_20180822
Blue Tit,BLUTI,5,M,09/06/2018,65,10.2,16.3,18.7,IDH,IDH_20180822
Great Tit,GRETI,5,F,09/06/2018,73,17.2,20.3,22.9,IDH,IDH_20180822
Great Tit,GRETI,5,M,09/06/2018,74,17,19.5,22.2,IDH,IDH_20180822
Great Tit,GRETI,5,F,09/06/2018,73,16.8,19.6,22.1,IDH,IDH_20180822
Great Tit,GRETI,6,M,09/06/2018,77,18.6,20.7,23.2,IDH,IDH_20180822
Great Tit,GRETI,5,F,09/06/2018,72,17.5,20.1,22.9,IDH,IDH_20180822
Great Tit,GRETI,6,M,09/06/2018,77,17.9,21.8,24.8,SB,SB_20180731
Great Tit,GRETI,6,F,09/06/2018,74,15.8,18.9,21.9,SB,SB_20180731
Great Tit,GRETI,6,M,09/06/2018,78,,19.6,22.4,SB,SB_20180731
Great Tit,GRETI,6,F,09/06/2018,72,16.7,20.7,23.6,SB,SB_20180731
Great Tit,GRETI,5,M,10/06/2018,78,17.9,20.4,23.2,IDH,IDH_20180822
Great Tit,GRETI,5,F,10/06/2018,71,17.3,19.6,22.2,IDH,IDH_20180822
Great Tit,GRETI,5,M,10/06/2018,75,17.6,21.5,24.2,IDH,IDH_20180822
Great Tit,GRETI,5,F,10/06/2018,71,17,20.2,22.8,IDH,IDH_20180822
Great Tit,GRETI,5,M,10/06/2018,76,18.7,21.1,23.9,IDH,IDH_20180822
Blue Tit,BLUTI,6,M,10/06/2018,66,10,16.9,19.4,SB,SB_20180731
Great Tit,GRETI,6,F,10/06/2018,72,17.7,21,24.2,SB,SB_20180731
Blue Tit,BLUTI,5,F,12/06/2018,61,8.9,15.7,17.8,IDH,IDH_20180822
Blue Tit,BLUTI,5,M,12/06/2018,64,9.6,16.9,19,IDH,IDH_20180822
Great Tit,GRETI,5,F,12/06/2018,73,17,20,22.9,IDH,IDH_20180822
Blue Tit,BLUTI,6,F,12/06/2018,63,10.2,17.5,19.8,SB,SB_20180731
Great Tit,GRETI,6,F,13/06/2018,74,17.5,20.5,23.3,IDH,IDH_20180822
Great Tit,GRETI,6,M,13/06/2018,76,17.9,20.5,23.1,IDH,IDH_20180822
Blue Tit,BLUTI,5,F,13/06/2018,60,9.6,16.6,19.1,SB,SB_20180731
Blue Tit,BLUTI,5,M,13/06/2018,59,9.6,16.8,19.4,SB,SB_20180731
Great Tit,GRETI,6,F,13/06/2018,73,16.2,20.5,23.4,SB,SB_20180731
Great Tit,GRETI,6,M,14/06/2018,77,16.9,20,23,SB,SB_20180731
Great Tit,GRETI,6,F,14/06/2018,71,18.3,20.9,24,SB,SB_20180731
Great Tit,GRETI,6,M,14/06/2018,75,17.4,21.5,24.5,SB,SB_20180731
Great Tit,GRETI,6,F,15/06/2018,73,17.1,20.6,23.3,IDH,IDH_20180822
Great Tit,GRETI,5,M,15/06/2018,76,18.1,21.4,24.2,IDH,IDH_20180822
Great Tit,GRETI,5,M,15/06/2018,74,16,20.5,23.2,IDH,IDH_20180822
Great Tit,GRETI,5,F,15/06/2018,71,16.1,19.1,21.7,IDH,IDH_20180822
Blue Tit,BLUTI,6,F,15/06/2018,61,9.6,16.2,18.7,SB,SB_20180731
Blue Tit,BLUTI,5,F,15/06/2018,61,9.8,16.5,19.1,SB,SB_20180731
Blue Tit,BLUTI,6,M,15/06/2018,65,9.9,17.3,19.8,SB,SB_20180731
Blue Tit,BLUTI,6,M,15/06/2018,63,10.2,16.8,19.7,SB,SB_20180731
Great Tit,GRETI,6,F,18/06/2018,75,17.6,20.1,22.3,IDH,IDH_20180822
Great Tit,GRETI,6,M,19/06/2018,78,17.4,21.1,23.9,SB,SB_20180731
Pied Flycatcher,PIEFL,5,F,20/06/2018,75,,15.3,18.5,JS,JS_20180621
Pied Flycatcher,PIEFL,5,F,20/06/2018,76,,16.6,19,JS,JS_20180621
Pied Flycatcher,PIEFL,6,F,20/06/2018,76,,16.5,19.3,JS,JS_20180621
Pied Flycatcher,PIEFL,5,F,20/06/2018,77,,17.8,20,JS,JS_20180621
Pied Flycatcher,PIEFL,5,F,20/06/2018,76,,17.5,19.9,JS,JS_20180621
Great Tit,GRETI,6,F,20/06/2018,75,16.3,21.3,24.2,SB,SB_20180731
Great Tit,GRETI,5,F,21/06/2018,71,15.9,20,22.9,SB,SB_20180731
Great Tit,GRETI,5,M,21/06/2018,75,18.3,21,23.8,SB,SB_20180731
Great Tit,GRETI,5,M,21/06/2018,76,17.8,21,24.1,SB,SB_20180731
Robin,ROBIN,3J,,25/06/2018,69,17.5,26.1,29,SB,SB_20180731
Blackbird,BLABI,6,M,28/06/2018,134,94,33.6,38.8,SB,SB_20180731
Blue Tit,BLUTI,6,F,28/06/2018,62,10.5,17,19.2,SB,SB_20180731
Blackbird,BLABI,3J,,14/07/2018,126,95.1,34.5,38.6,ARC,SB_20180808
Blackbird,BLABI,3J,M,14/07/2018,123,81,30.7,34.4,ARC,SB_20180808
Blackbird,BLABI,3J,,14/07/2018,120,75.6,33.4,37.5,ARC,SB_20180808
Blackbird,BLABI,3J,M,14/07/2018,128,91.9,34.6,38.9,ARC,SB_20180808
Blackbird,BLABI,3J,,14/07/2018,124,91.2,34,38,ARC,SB_20180808
Blue Tit,BLUTI,3J,,14/07/2018,62,10,15.7,17.6,ARC,SB_20180808
Great Tit,GRETI,3J,,14/07/2018,74,18.3,20.5,23.5,ARC,SB_20180808
Great Tit,GRETI,3J,,14/07/2018,75,15.2,20.9,23.3,ARC,SB_20180808
Blackbird,BLABI,3J,M,16/07/2018,127,88.1,33.4,38.5,SB,SB_20180808
Blackbird,BLABI,4,F,19/07/2018,,88.3,32.3,37.2,SB,SB_20180808
Blackbird,BLABI,5,M,20/07/2018,,101.1,33.6,38.4,SB,SB_20180808
Chaffinch,CHAFF,3J,,20/07/2018,85,19.4,18,21,SB,SB_20180808
Chaffinch,CHAFF,3J,,20/07/2018,81,17,18.2,20.8,SB,SB_20180808
Blackbird,BLABI,3J,M,22/07/2018,127,85.5,35.2,40,SB,SB_20180808
Blackbird,BLABI,3J,,22/07/2018,123,86.9,34.3,38.4,SB,SB_20180808
Blackbird,BLABI,3J,,22/07/2018,128,93.3,34.9,39,SB,SB_20180808
Blackbird,BLABI,3J,,22/07/2018,130,82.4,34.2,38.8,SB,SB_20180808
Blackbird,BLABI,3J,,22/07/2018,126,93.5,34.4,39.4,SB,SB_20180808
Blackbird,BLABI,3J,,22/07/2018,126,85.1,35,39.5,SB,SB_20180808
Blackbird,BLABI,3J,,22/07/2018,125,91.6,34,38.3,SB,SB_20180808
Blackbird,BLABI,3J,M,22/07/2018,126,87.2,34.2,39,SB,SB_20180808
Blackbird,BLABI,3J,M,22/07/2018,130,88.3,33.9,38.6,SB,SB_20180808
Blackbird,BLABI,3J,,22/07/2018,125,89.9,35,39.7,SB,SB_20180808
Blue Tit,BLUTI,3J,,22/07/2018,62,10,17.6,20,SB,SB_20180808
Blue Tit,BLUTI,4,,22/07/2018,,9.8,16.4,19.1,SB,SB_20180808
Blue Tit,BLUTI,3J,,22/07/2018,62,9.4,16.9,18.9,SB,SB_20180808
Chaffinch,CHAFF,3J,,22/07/2018,85,20.7,18,20.5,SB,SB_20180808
Chaffinch,CHAFF,3J,,22/07/2018,78,17.6,18.5,21.2,SB,SB_20180808
Chaffinch,CHAFF,3J,,22/07/2018,80,18.6,18,20.9,SB,SB_20180808
Great Tit,GRETI,5,M,22/07/2018,75,18.3,20.5,23.4,SB,SB_20180808
Great Tit,GRETI,3J,,22/07/2018,76,17,20.6,23.5,SB,SB_20180808
Great Tit,GRETI,3J,,22/07/2018,75,16.3,20.7,23.7,SB,SB_20180808
Great Tit,GRETI,3J,,22/07/2018,71,15.1,19.6,22.3,SB,SB_20180808
Great Tit,GRETI,3J,,22/07/2018,72,15.9,19.2,22.1,SB,SB_20180808
Great Tit,GRETI,3J,,22/07/2018,79,18.2,21.2,23.9,SB,SB_20180808
Great Tit,GRETI,3J,,22/07/2018,71,15.7,19.3,22.1,SB,SB_20180808
Great Tit,GRETI,3J,,22/07/2018,74,16.4,21.5,24.5,SB,SB_20180808
Blue Tit,BLUTI,3J,,23/07/2018,64,9.8,16.8,19.1,SB,SB_20180808
Blue Tit,BLUTI,3J,,23/07/2018,62,9.6,16.1,18.5,SB,SB_20180808
Great Tit,GRETI,3J,,23/07/2018,73,18.8,20.8,23.8,SB,SB_20180808
Robin,ROBIN,3J,,23/07/2018,74,19.9,26.9,29.6,SB,SB_20180808
Blackbird,BLABI,4,F,31/07/2018,,94.7,34.3,38.2,SB,SB_20180808
Blackbird,BLABI,4,M,31/07/2018,,96.4,35.8,40.5,SB,SB_20180808
Robin,ROBIN,3,,31/07/2018,71,17.4,25.2,28.2,SB,SB_20180808
Robin,ROBIN,3J,,02/08/2018,74,18.5,26.3,29.1,SB,SB_20180808
Blackbird,BLABI,4,M,07/08/2018,,95.4,33.4,38.3,SB,SB_20180808
Blue Tit,BLUTI,3J,,07/08/2018,62,10.4,17,19.7,SB,SB_20180808
Blue Tit,BLUTI,3J,,07/08/2018,61,9.8,16.9,19.2,SB,SB_20180808
Great Tit,GRETI,3J,,07/08/2018,71,18.7,20.4,23.3,SB,SB_20180808
Robin,ROBIN,4,,07/08/2018,,19.6,25.2,28.2,SB,SB_20180808
Blackbird,BLABI,4,M,09/08/2018,,94.9,34.3,39.7,SB,SB_20180808
Blue Tit,BLUTI,3,,09/08/2018,60,10.4,17.5,19.2,SB,SB_20180808
Blue Tit,BLUTI,3J,,09/08/2018,61,9.8,16.6,19,SB,SB_20180808
Robin,ROBIN,3,,09/08/2018,71,16,25.7,28.6,SB,SB_20180808
Robin,ROBIN,4,,09/08/2018,75,20.6,24.5,27.7,SB,SB_20180808
Blackbird,BLABI,4,M,10/08/2018,,98.7,35.3,40,SB,SB_20180808
Blue Tit,BLUTI,4,,10/08/2018,62,10.7,16.6,18.9,SB,SB_20180808
Blue Tit,BLUTI,3J,,10/08/2018,63,11.1,16.9,19.1,SB,SB_20180808
Robin,ROBIN,4,,10/08/2018,74,20.4,25.8,29,SB,SB_20180808
Robin,ROBIN,3J,,10/08/2018,69,17.9,24.6,27.7,SB,SB_20180808
Robin,ROBIN,4,,10/08/2018,73,20.5,25.6,28.7,SB,SB_20180808
Chaffinch,CHAFF,3J,M,13/08/2018,88,22,19.6,22.5,SB,SB_20180808
Robin,ROBIN,3,,14/08/2018,75,18.5,26,28.8,SB,SB_20180808
Blue Tit,BLUTI,4,,18/08/2018,,10,17,19.7,SB,SB_20180808
Blue Tit,BLUTI,4,,18/08/2018,,9.8,16.5,18.5,SB,SB_20180808
Blue Tit,BLUTI,3J,,18/08/2018,62,10,17.3,19.7,SB,SB_20180808
Blue Tit,BLUTI,5,,18/08/2018,,10.7,16.1,18.4,SB,SB_20180808
Great Tit,GRETI,4,F,18/08/2018,74,16.6,19,21.6,SB,SB_20180808
Robin,ROBIN,3,,18/08/2018,74,19,24.7,27.7,SB,SB_20180808
Blackbird,BLABI,3J,M,21/08/2018,127,106.4,35.7,40.4,SB,SB_20180808
Blue Tit,BLUTI,3J,,21/08/2018,63,11.2,17.4,19.4,SB,SB_20180808
Great Tit,GRETI,3J,,21/08/2018,73,20.4,21.5,24.4,SB,SB_20180808
Robin,ROBIN,3J,,21/08/2018,72,19.1,26.8,29.7,SB,SB_20180808
Robin,ROBIN,3J,,21/08/2018,75,20.1,26.5,29.6,SB,SB_20180808
Robin,ROBIN,3,,21/08/2018,70,18.6,25.9,29,SB,SB_20180808
Robin,ROBIN,3J,,21/08/2018,71,17.7,25.3,28.1,SB,SB_20180808
Blackbird,BLABI,3,M,22/08/2018,127,84.1,33.21,37.89,IDH,IDH_20180822
Blackcap,BLACA,3,F,22/08/2018,,,21.12,23.63,IDH,IDH_20180822
Blackcap,BLACA,3,M,22/08/2018,,,19.11,21.36,IDH,IDH_20180822
Blackcap,BLACA,3,M,22/08/2018,,,20.47,22.36,IDH,IDH_20180822
Blackcap,BLACA,3,M,22/08/2018,,,20.56,23.51,IDH,IDH_20180822
Blackcap,BLACA,3,U,22/08/2018,,,20.07,22.28,IDH,IDH_20180822
Blackcap,BLACA,3,M,22/08/2018,,,20,22.69,IDH,IDH_20180822
Blackcap,BLACA,3,M,22/08/2018,,,20.13,22.69,IDH,IDH_20180822
Blue Tit,BLUTI,4,U,22/08/2018,,,17.05,19.45,IDH,IDH_20180822
Blue Tit,BLUTI,4,U,22/08/2018,,,16.84,18.93,IDH,IDH_20180822
Cettis Warbler,CETWA,4,M,22/08/2018,,,21.11,24.04,IDH,IDH_20180822
Garden Warbler,GARWA,3,U,22/08/2018,,,20.8,23.48,IDH,IDH_20180822
Garden Warbler,GARWA,3,U,22/08/2018,,,21.09,24.24,IDH,IDH_20180822
Garden Warbler,GARWA,3,U,22/08/2018,,,20.49,22.53,IDH,IDH_20180822
Garden Warbler,GARWA,4,U,22/08/2018,,,20.44,23.5,IDH,IDH_20180822
Iberian Chiffchaff,IBECH,3,F,22/08/2018,,,18.67,20.62,IDH,IDH_20180822
Iberian Chiffchaff,IBECH,3,F,22/08/2018,,,19.64,21.32,IDH,IDH_20180822
Iberian Chiffchaff,IBECH,3,M,22/08/2018,,,20.12,21.99,IDH,IDH_20180822
Melodious Warbler,MELWA,3,U,22/08/2018,,,19.16,21.1,IDH,IDH_20180822
Pied Flycatcher,PIEFL,3,U,22/08/2018,,,17.33,18.7,IDH,IDH_20180822
Robin,ROBIN,4,U,22/08/2018,,,25.66,28.26,IDH,IDH_20180822
Robin,ROBIN,3,U,22/08/2018,,,26.13,28.23,IDH,IDH_20180822
Robin,ROBIN,3,U,22/08/2018,,,25.17,27.6,IDH,IDH_20180822
Robin,ROBIN,3,U,22/08/2018,,,25.51,27.9,IDH,IDH_20180822
Robin,ROBIN,3,U,22/08/2018,,,25.28,27.78,IDH,IDH_20180822
Robin,ROBIN,3,U,22/08/2018,,,26.29,28.64,IDH,IDH_20180822
Robin,ROBIN,3,U,22/08/2018,,,25.87,28.53,IDH,IDH_20180822
Robin,ROBIN,3,U,22/08/2018,,,23.95,26.19,IDH,IDH_20180822
Willow Warbler,WILWA,4,U,22/08/2018,,,17.98,20.03,IDH,IDH_20180822
Blackbird,BLABI,3J,F,22/08/2018,126,93,33.5,38.4,SB,SB_20180808
Blue Tit,BLUTI,3J,,22/08/2018,60,10.2,15.7,18.2,SB,SB_20180808
Blue Tit,BLUTI,3J,,22/08/2018,61,,17,19.6,SB,SB_20180808
Blue Tit,BLUTI,3J,,22/08/2018,60,10.3,17.1,19.6,SB,SB_20180808
Blue Tit,BLUTI,3J,,22/08/2018,61,10.6,16.2,18.7,SB,SB_20180808
Robin,ROBIN,3,,22/08/2018,71,17.5,25.3,28.4,SB,SB_20180808
Robin,ROBIN,3,,22/08/2018,72,18.7,25.4,28.7,SB,SB_20180808
Blackbird,BLABI,4,F,25/08/2018,,99,35.2,40.2,SB,SB_20180808
Blue Tit,BLUTI,4,,25/08/2018,62,10.3,16.4,19,SB,SB_20180808
Blue Tit,BLUTI,3J,,25/08/2018,63,10.7,16.6,19.4,SB,SB_20180808
Great Tit,GRETI,4,M,25/08/2018,76,17,19.9,23,SB,SB_20180808
Robin,ROBIN,3,,25/08/2018,73,16.7,25.7,28.5,SB,SB_20180808
Robin,ROBIN,4,,25/08/2018,73,18.4,25.5,28.4,SB,SB_20180808
Robin,ROBIN,3,,25/08/2018,70,17.4,26,29,SB,SB_20180808
Blue Tit,BLUTI,3J,,27/08/2018,62,10.2,16.7,19.6,SB,SB_20180808
Great Tit,GRETI,4,M,27/08/2018,78,19.3,19.8,22.9,SB,SB_20180808
Blackbird,BLABI,4,M,16/09/2018,132,89,33.6,38.2,SB,SB_20180907
Blue Tit,BLUTI,3J,,16/09/2018,61,,17,19.6,SB,SB_20180907
Great Tit,GRETI,3,F,16/09/2018,72,18.5,22.7,19.6,SB,SB_20180907
Robin,ROBIN,3J,,16/09/2018,71,19.9,26.8,30.1,SB,SB_20180907
Robin,ROBIN,4,,16/09/2018,74,17.2,25,27.4,SB,SB_20180907
Robin,ROBIN,4,,16/09/2018,76,17.7,26.1,29,SB,SB_20180907
Great Tit,GRETI,3,F,16/09/2018,72,17,20.2,22.9,SB,SB_20180907
Blue Tit,BLUTI,3,,16/09/2018,64,11.1,17.5,20,SB,SB_20180907
Great Tit,GRETI,3J,,16/09/2018,75,20.7,20.1,22.7,SB,SB_20180907
Great Tit,GRETI,4,F,16/09/2018,,18.1,20,23,SB,SB_20180907
Great Tit,GRETI,3,F,16/09/2018,73,18.4,19.9,22.9,SB,SB_20180907
Great Tit,GRETI,3,M,16/09/2018,77,18.6,22.1,25,SB,SB_20180907
Robin,ROBIN,4,,16/09/2018,72,18.6,27.6,30.5,SB,SB_20180907
Blue Tit,BLUTI,3J,,16/09/2018,66,10.9,17.8,20.3,SB,SB_20180907
Blue Tit,BLUTI,3J,,16/09/2018,64,10.1,17.2,19.7,SB,SB_20180907
Blue Tit,BLUTI,3J,,16/09/2018,59,9.6,17.4,20,SB,SB_20180907
Blue Tit,BLUTI,3J,,16/09/2018,63,11.2,17.2,19.9,SB,SB_20180907
Blue Tit,BLUTI,3J,,16/09/2018,64,11.2,16.8,19.3,SB,SB_20180907
Blue Tit,BLUTI,3,,24/09/2018,61,9.2,16.2,18.4,SB,SB_20181008
Blue Tit,BLUTI,3J,,24/09/2018,63,10.9,17,20,SB,SB_20181008
Blue Tit,BLUTI,3J,,24/09/2018,63,10.8,17.4,20.6,SB,SB_20181008
Blue Tit,BLUTI,3,,24/09/2018,61,9.4,16,19.1,SB,SB_20181008
Great Tit,GRETI,4,M,24/09/2018,76,18.5,21,24,SB,SB_20181008
Great Tit,GRETI,4,F,24/09/2018,73,17.3,19.9,23.2,SB,SB_20181008
Robin,ROBIN,3,,25/09/2018,71,17.4,26.3,28.9,SB,SB_20181008
Blue Tit,BLUTI,4,,25/09/2018,62,10.9,16.8,19.2,SB,SB_20181008
Robin,ROBIN,3,,25/09/2018,73,18.6,25.7,28.1,SB,SB_20181008
Blue Tit,BLUTI,4,,25/09/2018,65,11.6,17.4,19.8,SB,SB_20181016
Blue Tit,BLUTI,4,,25/09/2018,61,9.4,16.4,18.6,SB,SB_20181016
Great Tit,GRETI,4,M,25/09/2018,74,18.3,21,24,SB,SB_20181016
Blue Tit,BLUTI,3,,26/09/2018,61,10.4,16.6,19.2,SB,SB_20181016
Blue Tit,BLUTI,4,,26/09/2018,63,11,17.7,20.8,SB,SB_20181016
Great Tit,GRETI,3,F,26/09/2018,70,17,19,21.6,SB,SB_20181022
Great Tit,GRETI,3,M,26/09/2018,77,19.3,20.6,23.6,SB,SB_20181023
Great Tit,GRETI,4,F,26/09/2018,72,17.4,20.7,23.9,SB,SB_20181024
Great Tit,GRETI,3,F,26/09/2018,71,17.1,19.9,22.7,SB,SB_20181025
Great Tit,GRETI,3,F,26/09/2018,74,18.2,20.1,23.4,SB,SB_20181025
Chiffchaff,CHIFF,3,,27/09/2018,56,6.8,18.7,20,ARC,RJF_20180929
Robin,ROBIN,3,,27/09/2018,72,16,25.6,27.4,ARC,RJF_20180929
Robin,ROBIN,3,,27/09/2018,73,17.7,24.7,27.3,ARC,RJF_20180929
Robin,ROBIN,3,,27/09/2018,72,17,26,28.5,ARC,RJF_20180929
Robin,ROBIN,4,,27/09/2018,74,17.1,25.7,27.5,ARC,RJF_20180929
Great Tit,GRETI,4,,27/09/2018,74,17.1,19.6,21.2,ARC,RJF_20180929
Chaffinch,CHAFF,4,F,27/09/2018,81,20.9,18.4,21,SB,SB_20181025
Blue Tit,BLUTI,3J,,27/09/2018,61,10.1,16.5,19,SB,SB_20181025
Blue Tit,BLUTI,3J,,27/09/2018,65,11.5,17.8,20.7,SB,SB_20181025
Great Tit,GRETI,3,M,27/09/2018,73,18.8,21.4,23.8,SB,SB_20181025
Great Tit,GRETI,3,M,27/09/2018,75,19.8,21.7,25,SB,SB_20181025
Great Tit,GRETI,4,F,27/09/2018,73,16.2,20,22.9,SB,SB_20181025
Great Tit,GRETI,4,M,27/09/2018,78,18.1,21.1,24.1,SB,SB_20181025
Great Tit,GRETI,3,F,27/09/2018,70,17.4,20.4,23.2,SB,SB_20181025
Great Tit,GRETI,3,F,27/09/2018,73,19.8,20.3,23.2,SB,SB_20181025
Great Tit,GRETI,3,F,27/09/2018,72,17.3,20.3,23.1,SB,SB_20181025
Great Tit,GRETI,3,F,27/09/2018,72,18.1,19.9,22.9,SB,SB_20181025
Chaffinch,CHAFF,3,F,29/09/2018,83,20.7,18.1,19.6,RJF,RJF_20180929
Chiffchaff,CHIFF,3,,29/09/2018,61,7.7,20.6,21.9,RJF,RJF_20180929
Dunnock,DUNNO,4,,29/09/2018,69,20.5,20.7,23.4,RJF,RJF_20180929
House Sparrow,HOUSP,4,M,29/09/2018,76,26.4,19.6,20.5,RJF,RJF_20180929
Coal Tit,COATI,3,,29/09/2018,59,8.7,16,18.2,RJF,RJF_20180929
Robin,ROBIN,4,,29/09/2018,,,26.8,29.6,RJF,RJF_20180929
Blue Tit,BLUTI,3,,29/09/2018,63,10.6,18.7,20,RJF,RJF_20180929
Goldfinch,GOLDF,3,F,29/09/2018,75,14,14.4,16.7,RJF,RJF_20180929
Willow Tit,WILTI,3,,29/09/2018,60,10.2,16.2,18,RJF,RJF_20180929
Willow Tit,WILTI,3,,29/09/2018,61,10.3,16.3,18.4,RJF,RJF_20180929
Robin,ROBIN,3,,29/09/2018,76,17.8,25.8,28.7,SB,SB_20181025
Great Tit,GRETI,4,F,29/09/2018,73,17,18.6,21.3,SB,SB_20181025
Blue Tit,BLUTI,3,,29/09/2018,63,10.4,17,19.2,SB,SB_20181025
Blue Tit,BLUTI,3,,29/09/2018,61,9.9,16.4,18.9,SB,SB_20181025
Great Tit,GRETI,4,F,29/09/2018,74,17.5,20.9,23.8,SB,SB_20181025
Great Tit,GRETI,4,M,29/09/2018,77,20.8,22,25.1,SB,SB_20181025
Great Tit,GRETI,3,F,29/09/2018,74,17.5,20,23.3,SB,SB_20181025
Great Tit,GRETI,4,F,29/09/2018,76,17.5,21,23.6,SB,SB_20181025
Blue Tit,BLUTI,4,,29/09/2018,65,10.9,17.8,20.1,SB,SB_20181025
Chaffinch,CHAFF,4,M,29/09/2018,89,21.8,18.7,21,SB,SB_20181025
Blue Tit,BLUTI,3,,29/09/2018,59,10.7,17.4,20.3,SB,SB_20181025
Blue Tit,BLUTI,3,,29/09/2018,61,9.6,16.6,18.9,SB,SB_20181025
Chaffinch,CHAFF,3,M,29/09/2018,87,20.8,18.4,21.1,SB,SB_20181025
Chaffinch,CHAFF,4,F,29/09/2018,81,19.5,17.9,19.7,SB,SB_20181025
Chaffinch,CHAFF,3,M,29/09/2018,84,21.1,18,20.8,SB,SB_20181025
Chaffinch,CHAFF,3,F,29/09/2018,78,18.3,18,20.8,SB,SB_20181025
Blue Tit,BLUTI,3,,29/09/2018,62,10.5,16.7,19.3,SB,SB_20181025
Blue Tit,BLUTI,4,,29/09/2018,65,10,16.9,19.5,SB,SB_20181025
Great Tit,GRETI,3,F,29/09/2018,70,17.9,20.7,23.8,SB,SB_20181025
Blue Tit,BLUTI,3,,29/09/2018,59,10,16.7,19.3,SB,SB_20181025
Blue Tit,BLUTI,3,,29/09/2018,62,10.5,16.7,19.1,SB,SB_20181025
Blackbird,BLABI,3,F,29/09/2018,124,91.9,36,41.3,SB,SB_20181025
Dunnock,DUNNO,3,,30/09/2018,72,21.8,22.1,24.7,RJF,RJF_20180929
Blackbird,BLABI,3,F,30/09/2018,135,96.5,34.2,38,RJF,RJF_20180929
Robin,ROBIN,4,,30/09/2018,70,17.8,25.2,27.8,RJF,RJF_20180929
Blue Tit,BLUTI,3,,30/09/2018,64,12.6,17.5,20,RJF,RJF_20180929
Blue Tit,BLUTI,3,,30/09/2018,65,12.4,18.1,20.6,RJF,RJF_20180929
Blue Tit,BLUTI,3,,30/09/2018,63,10.8,17,19.7,RJF,RJF_20180929
Blue Tit,BLUTI,4,,30/09/2018,62,10,16,17.9,RJF,RJF_20180929
Blue Tit,BLUTI,3,,30/09/2018,62,10.5,17.2,19.6,RJF,RJF_20180929
Blue Tit,BLUTI,3,,30/09/2018,62,10.6,16.7,19.7,RJF,RJF_20180929
Robin,ROBIN,4,,30/09/2018,71,17.6,24.6,27.3,RJF,RJF_20180929
Robin,ROBIN,4,,30/09/2018,72,16.9,25.2,27.4,RJF,RJF_20180929
Great Tit,GRETI,3,F,30/09/2018,72,17.5,20.4,23,SB,SB_20181025
Blue Tit,BLUTI,3,,30/09/2018,61,10.3,16.6,19.1,SB,SB_20181025
Chaffinch,CHAFF,4,F,30/09/2018,79,,18.4,21.3,SB,SB_20181025
Great Tit,GRETI,3,M,01/10/2018,76,19.5,20.6,23.6,SB,SB_20181025
Great Tit,GRETI,3,M,01/10/2018,76,20.2,20.5,23.8,SB,SB_20181025
Great Tit,GRETI,3,M,01/10/2018,76,19.7,21.5,24.6,SB,SB_20181025
Great Tit,GRETI,4,F,01/10/2018,75,18.3,20,23,SB,SB_20181025
Blue Tit,BLUTI,4,,01/10/2018,62,9.8,15.5,18.2,SB,SB_20181025
Blue Tit,BLUTI,3,,01/10/2018,63,10.2,17.2,19.9,SB,SB_20181025
Robin,ROBIN,3,,01/10/2018,74,18.1,26.6,29.1,SB,SB_20181025
Robin,ROBIN,4,,01/10/2018,76,20.2,26.5,29.2,SB,SB_20181025
Blue Tit,BLUTI,3,,01/10/2018,66,10.4,17.8,20.4,SB,SB_20181025
Blue Tit,BLUTI,3,,01/10/2018,61,9.9,16.1,18.6,SB,SB_20181025
Great Tit,GRETI,4,F,01/10/2018,74,17.3,21.2,24.3,SB,SB_20181025
Great Tit,GRETI,4,M,01/10/2018,75,18.2,20.4,23.4,SB,SB_20181025
Great Tit,GRETI,3,F,02/10/2018,70,17.8,19.7,22.4,SB,SB_20181025
Great Tit,GRETI,3,F,02/10/2018,72,18.8,21,24.1,SB,SB_20181025
Great Tit,GRETI,3,F,02/10/2018,73,17,19.8,22.7,SB,SB_20181025
Blue Tit,BLUTI,3,,02/10/2018,62,10.4,16.9,19.8,SB,SB_20181025
Blue Tit,BLUTI,3,,02/10/2018,63,10.1,17.2,19.7,SB,SB_20181025
Great Tit,GRETI,3,M,04/10/2018,76,18.7,20.6,23.6,SB,SB_20181025
Blue Tit,BLUTI,4,,04/10/2018,63,9.6,16.4,19,SB,SB_20181025
Great Tit,GRETI,4,M,04/10/2018,75,18.4,20.7,23.7,SB,SB_20181025
Blue Tit,BLUTI,4,,04/10/2018,66,10.6,17.1,19.6,SB,SB_20181025
Blue Tit,BLUTI,3,,06/10/2018,64,10.8,17.3,20.1,SB,SB_20181025
Blue Tit,BLUTI,3,,06/10/2018,62,10.2,15.7,18.2,SB,SB_20181025
Blue Tit,BLUTI,3,,06/10/2018,62,10.3,16.5,18.7,SB,SB_20181025
Robin,ROBIN,3,,06/10/2018,71,17.3,26.4,29.4,SB,SB_20181025
Blue Tit,BLUTI,3,,06/10/2018,61,9.5,16,18.7,SB,SB_20181025
Great Tit,GRETI,3,M,06/10/2018,73,17.1,20.1,23.3,SB,SB_20181025
Great Tit,GRETI,3,F,06/10/2018,72,16.7,20.3,23.4,SB,SB_20181025
Great Tit,GRETI,3,M,06/10/2018,76,19,20.7,23.7,SB,SB_20181025
Blue Tit,BLUTI,3,,06/10/2018,59,9.7,16.1,18.6,SB,SB_20181025
Great Tit,GRETI,3,F,06/10/2018,70,16.5,19.8,22.8,SB,SB_20181025
Chaffinch,CHAFF,3,F,06/10/2018,82,22.3,18.6,21.6,SB,SB_20181025
Chaffinch,CHAFF,3,F,06/10/2018,80,20.1,18.6,21.6,SB,SB_20181025
Chaffinch,CHAFF,3,M,06/10/2018,87,21.2,18.7,21.6,SB,SB_20181025
Chaffinch,CHAFF,4,F,06/10/2018,83,19,17.9,20.3,SB,SB_20181025
Chaffinch,CHAFF,3,F,06/10/2018,80,19.4,19,21.8,SB,SB_20181025
Chaffinch,CHAFF,4,F,06/10/2018,81,19.3,17.6,20.3,SB,SB_20181025
Chaffinch,CHAFF,3,F,06/10/2018,80,20.3,18.6,20.8,SB,SB_20181025
Chaffinch,CHAFF,4,F,06/10/2018,84,20.7,19.1,22.3,SB,SB_20181025
Chaffinch,CHAFF,3,F,06/10/2018,79,19.7,17.3,19.9,SB,SB_20181025
Chaffinch,CHAFF,3,F,06/10/2018,81,20.3,19,21.5,SB,SB_20181025
Chaffinch,CHAFF,4,F,06/10/2018,83,21,17.9,20.7,SB,SB_20181025
Chaffinch,CHAFF,3,F,06/10/2018,80,18.4,17.5,20.2,SB,SB_20181025
Chaffinch,CHAFF,3,F,06/10/2018,77,19.9,17.7,20.3,SB,SB_20181025
Chaffinch,CHAFF,3,F,06/10/2018,79,19.7,17.5,19.9,SB,SB_20181025
Blue Tit,BLUTI,3,,06/10/2018,61,9.7,16.7,19.5,SB,SB_20181025
Blue Tit,BLUTI,3,,06/10/2018,60,9.3,16.9,19.5,SB,SB_20181025
Great Tit,GRETI,3,F,06/10/2018,74,17.8,19.7,23.1,SB,SB_20181025
Chaffinch,CHAFF,4,F,06/10/2018,79,18.2,18.4,21.1,SB,SB_20181025
Blue Tit,BLUTI,3,,06/10/2018,60,9.6,15.8,18.8,SB,SB_20181025
Chaffinch,CHAFF,3,M,06/10/2018,85,23.2,18,20.7,SB,SB_20181025
Chaffinch,CHAFF,3,F,06/10/2018,82,21.9,18.9,21.8,SB,SB_20181025
Blue Tit,BLUTI,3,,06/10/2018,63,10.5,17.2,19.7,SB,SB_20181025
Robin,ROBIN,3,,07/10/2018,73,17.2,26,28.7,SB,SB_20181025
Chaffinch,CHAFF,3,F,07/10/2018,81,21,18.7,21.5,SB,SB_20181025
Chaffinch,CHAFF,3,F,07/10/2018,84,21.3,18.3,22.2,SB,SB_20181025
Blue Tit,BLUTI,3,,07/10/2018,60,10.3,16.8,20,SB,SB_20181025
Robin,ROBIN,4,,07/10/2018,74,17,25.1,28.1,SB,SB_20181025
Great Tit,GRETI,3,M,08/10/2018,76,19.7,20.3,23.2,SB,SB_20181025
Great Tit,GRETI,3,F,08/10/2018,73,17.4,21.2,24.6,SB,SB_20181025
Great Tit,GRETI,3,F,08/10/2018,72,16.5,19.7,22.6,SB,SB_20181025
Great Tit,GRETI,3,F,08/10/2018,71,18.6,20.2,23.3,SB,SB_20181025
Great Tit,GRETI,3,M,08/10/2018,76,18.1,21.3,24.2,SB,SB_20181025
Great Tit,GRETI,3,F,08/10/2018,73,18,20.2,22.8,SB,SB_20181025
Great Tit,GRETI,3,F,08/10/2018,73,16.9,21.1,24.1,SB,SB_20181025
Great Tit,GRETI,4,M,08/10/2018,77,18.3,21,23.9,SB,SB_20181025
Blue Tit,BLUTI,3,,08/10/2018,63,10.7,17.1,19.6,SB,SB_20181025
Chaffinch,CHAFF,4,F,08/10/2018,83,18.6,18.1,21,SB,SB_20181025
Blue Tit,BLUTI,3J,,08/10/2018,66,10.9,16,18.7,SB,SB_20181025
Chaffinch,CHAFF,3,F,08/10/2018,79,19.2,19.1,21.6,SB,SB_20181025
Chaffinch,CHAFF,3,M,08/10/2018,87,20.8,19.3,22.2,SB,SB_20181025
Chaffinch,CHAFF,3,M,08/10/2018,86,20.6,18.3,21.2,SB,SB_20181025
Chaffinch,CHAFF,3,F,08/10/2018,80,21.1,18,20.7,SB,SB_20181025
Chaffinch,CHAFF,3,F,08/10/2018,80,19.8,18.1,20.8,SB,SB_20181025
Chaffinch,CHAFF,4,F,08/10/2018,84,19.1,18.1,21,SB,SB_20181025
Chaffinch,CHAFF,3,M,08/10/2018,87,22.3,18.5,21.2,SB,SB_20181025
Chaffinch,CHAFF,3,F,08/10/2018,78,19.3,18.2,20.8,SB,SB_20181025
Chaffinch,CHAFF,3,F,08/10/2018,83,20.4,18.8,21.7,SB,SB_20181025
Chaffinch,CHAFF,3,F,08/10/2018,83,19.8,18.9,21.7,SB,SB_20181025
Chaffinch,CHAFF,3,F,08/10/2018,80,18.7,18.4,21.1,SB,SB_20181025
Chaffinch,CHAFF,3,M,08/10/2018,86,23,19,21.7,SB,SB_20181025
Chaffinch,CHAFF,3,F,08/10/2018,80,18.4,18.9,21.5,SB,SB_20181025
Blue Tit,BLUTI,3,,08/10/2018,61,9.9,16.5,18.8,SB,SB_20181025
Great Tit,GRETI,4,F,09/10/2018,72,16.6,19.8,22.6,SB,SB_20181016
Great Tit,GRETI,4,F,09/10/2018,74,16.8,19.7,22.8,SB,SB_20181016
Great Tit,GRETI,3,M,09/10/2018,75,17.7,20.1,23.1,SB,SB_20181016
Great Tit,GRETI,4,F,09/10/2018,74,17.7,20.1,23,SB,SB_20181016
Great Tit,GRETI,3,F,09/10/2018,74,18.6,21.3,24.3,SB,SB_20181016
Great Tit,GRETI,3,F,09/10/2018,75,18.6,20.9,23.7,SB,SB_20181016
Blue Tit,BLUTI,3,,09/10/2018,61,9.5,16.4,18.9,SB,SB_20181022
Chaffinch,CHAFF,4,M,09/10/2018,88,20.5,18.9,21.7,SB,SB_20181023
Chaffinch,CHAFF,4,F,09/10/2018,80,19.7,18.5,21.1,SB,SB_20181024
Blue Tit,BLUTI,3,,09/10/2018,64,10.4,17.5,20.1,SB,SB_20181025
Blue Tit,BLUTI,3,,09/10/2018,63,10.6,17.3,19.8,SB,SB_20181025
Chaffinch,CHAFF,4,F,09/10/2018,83,19.9,18.1,20.3,SB,SB_20181025
Chaffinch,CHAFF,3,M,10/10/2018,86,21.3,18.9,21.7,SB,SB_20181025
Chaffinch,CHAFF,4,F,10/10/2018,82,19.9,18.1,20.7,SB,SB_20181025
Great Tit,GRETI,3,M,10/10/2018,73,18.3,20.7,23.8,SB,SB_20181025
Great Tit,GRETI,3,F,10/10/2018,74,18.8,21.6,24.2,SB,SB_20181025
Great Tit,GRETI,3,F,10/10/2018,72,16.8,20.1,23,SB,SB_20181025
Great Tit,GRETI,4,F,10/10/2018,76,17.5,20,23.2,SB,SB_20181025
Great Tit,GRETI,4,M,10/10/2018,78,18.3,21,24.1,SB,SB_20181025
Great Tit,GRETI,3,M,10/10/2018,77,19.1,21.1,24.2,SB,SB_20181025
Great Tit,GRETI,3,M,10/10/2018,74,18.5,20.7,23.6,SB,SB_20181025
Great Tit,GRETI,4,F,10/10/2018,75,17,20.5,23.4,SB,SB_20181025
Great Tit,GRETI,4,F,10/10/2018,72,17.4,20.1,23.2,SB,SB_20181025
Great Tit,GRETI,3,F,10/10/2018,71,17.8,19.6,22.6,SB,SB_20181025
Great Tit,GRETI,3,M,10/10/2018,74,20.5,21.7,24.6,SB,SB_20181025
Great Tit,GRETI,4,M,10/10/2018,78,18.5,21,23.8,SB,SB_20181025
Chaffinch,CHAFF,4,M,10/10/2018,88,21.8,18,21,SB,SB_20181025
Blue Tit,BLUTI,3,,10/10/2018,64,10.3,16.2,18.9,SB,SB_20181025
Chaffinch,CHAFF,4,F,10/10/2018,82,19.8,19.3,22,SB,SB_20181025
Chaffinch,CHAFF,4,F,10/10/2018,82,18.7,18.2,20.9,SB,SB_20181025
Chaffinch,CHAFF,4,F,10/10/2018,81,16.9,16.6,19.1,SB,SB_20181025
Chaffinch,CHAFF,4,M,10/10/2018,87,20.8,19.1,21.5,SB,SB_20181025
Chaffinch,CHAFF,3,F,10/10/2018,81,19.7,18.5,21.3,SB,SB_20181025
Chaffinch,CHAFF,4,F,10/10/2018,82,19.6,18.1,20.9,SB,SB_20181025
Chaffinch,CHAFF,3,M,10/10/2018,88,20.4,18.5,21.1,SB,SB_20181025
Chaffinch,CHAFF,3,F,10/10/2018,79,21.1,18.9,21.6,SB,SB_20181025
Great Tit,GRETI,3,F,11/10/2018,74,18.4,21.1,24,SB,SB_20181025
Great Tit,GRETI,4,F,11/10/2018,74,16.6,20.6,23.5,SB,SB_20181025
Great Tit,GRETI,4,M,11/10/2018,76,19.1,20.8,23.9,SB,SB_20181025
Great Tit,GRETI,4,M,11/10/2018,76,18,19.7,22.6,SB,SB_20181025
Great Tit,GRETI,4,M,11/10/2018,78,18.6,21,23.6,SB,SB_20181025
Great Tit,GRETI,4,F,11/10/2018,77,18.1,20.6,23.5,SB,SB_20181025
Great Tit,GRETI,3,F,11/10/2018,72,17.3,20.5,23.5,SB,SB_20181025
Great Tit,GRETI,4,M,11/10/2018,78,19.1,20.7,23.7,SB,SB_20181025
Blue Tit,BLUTI,4,,11/10/2018,64,10.1,16.9,19.2,SB,SB_20181025
Blue Tit,BLUTI,3,,11/10/2018,59,9.1,16.5,18.9,SB,SB_20181025
Chaffinch,CHAFF,4,F,11/10/2018,82,18.5,17.2,20.4,SB,SB_20181025
Chaffinch,CHAFF,4,M,11/10/2018,86,20,18.4,21,SB,SB_20181025
Chaffinch,CHAFF,3,M,11/10/2018,87,21.3,19.4,22.4,SB,SB_20181025
Chaffinch,CHAFF,3,F,11/10/2018,79,21.8,18.8,21.5,SB,SB_20181025
Chaffinch,CHAFF,4,M,11/10/2018,86,21,18.5,21.1,SB,SB_20181025
Chaffinch,CHAFF,3,F,11/10/2018,80,18.1,17.3,20,SB,SB_20181025
Chaffinch,CHAFF,3,F,11/10/2018,81,19.7,17.6,20.4,SB,SB_20181025
Chaffinch,CHAFF,3,F,11/10/2018,82,19.7,18.4,21.1,SB,SB_20181025
Blue Tit,BLUTI,3,,11/10/2018,65,10.4,17.2,19.9,SB,SB_20181025
Blue Tit,BLUTI,3,,11/10/2018,61,9.9,16.5,18.8,SB,SB_20181025
Blue Tit,BLUTI,3,,11/10/2018,62,10.2,16.8,19.2,SB,SB_20181025
Blue Tit,BLUTI,3,,11/10/2018,64,10.9,17.2,20,SB,SB_20181025
Chaffinch,CHAFF,4,M,11/10/2018,85,20.3,18.8,21.2,SB,SB_20181025
Chaffinch,CHAFF,3,F,11/10/2018,80,19.4,17.9,20.7,SB,SB_20181025
Chaffinch,CHAFF,4,M,11/10/2018,89,19.1,17.9,20.4,SB,SB_20181025
Chaffinch,CHAFF,3,M,11/10/2018,87,20.7,18.6,21.6,SB,SB_20181025
Chaffinch,CHAFF,3,M,11/10/2018,85,20.6,18.1,20.9,SB,SB_20181025
Chaffinch,CHAFF,3,M,11/10/2018,83,21.2,18.6,21.4,SB,SB_20181025
Chaffinch,CHAFF,3,M,11/10/2018,88,22.4,18.4,21.1,SB,SB_20181025
Chaffinch,CHAFF,4,M,11/10/2018,86,22.1,19,21.7,SB,SB_20181025
Great Tit,GRETI,3,M,14/10/2018,76,19.2,20.1,22.9,SB,SB_20181025
Great Tit,GRETI,4,F,14/10/2018,73,17,20.1,23.1,SB,SB_20181025
Great Tit,GRETI,3,M,14/10/2018,76,19.3,21.4,24.7,SB,SB_20181025
Great Tit,GRETI,4,F,14/10/2018,74,17.3,20.5,23.6,SB,SB_20181025
Great Tit,GRETI,4,M,14/10/2018,77,17.6,20.7,23.8,SB,SB_20181025
Chaffinch,CHAFF,3,F,14/10/2018,79,18,17.8,20.5,SB,SB_20181025
Blackbird,BLABI,3,F,14/10/2018,125,87,34.5,39.2,SB,SB_20181025
Blackbird,BLABI,3,M,14/10/2018,130,96.9,35.5,40.8,SB,SB_20181025
Blackbird,BLABI,3,M,14/10/2018,131,89.3,35,39.7,SB,SB_20181025
Blue Tit,BLUTI,3,,14/10/2018,66,10.7,17,19.9,SB,SB_20181025
Chaffinch,CHAFF,3,F,14/10/2018,80,19.2,17.9,20.8,SB,SB_20181025
Chaffinch,CHAFF,3,F,14/10/2018,79,18.7,17,19.6,SB,SB_20181025
Chaffinch,CHAFF,3,F,14/10/2018,78,18,17.7,20.1,SB,SB_20181025
Blue Tit,BLUTI,3,,14/10/2018,62,9.8,15.9,18.4,SB,SB_20181025
Chaffinch,CHAFF,3,M,14/10/2018,85,21.4,18.5,21.3,SB,SB_20181025
Great Tit,GRETI,3,M,15/10/2018,75,18.4,20.5,23.4,SB,SB_20181025
Great Tit,GRETI,4,F,15/10/2018,72,16.1,19.8,22.6,SB,SB_20181025
Great Tit,GRETI,4,F,15/10/2018,73,16.8,20.2,23.1,SB,SB_20181025
Great Tit,GRETI,4,M,15/10/2018,77,18.8,21,24,SB,SB_20181025
Great Tit,GRETI,3,F,15/10/2018,73,17.7,19,22,SB,SB_20181025
Great Tit,GRETI,4,M,15/10/2018,75,18.5,20.4,23.6,SB,SB_20181025
Great Tit,GRETI,4,F,15/10/2018,73,16.6,20.2,23,SB,SB_20181025
Chaffinch,CHAFF,3,M,15/10/2018,86,21.6,18.9,21.6,SB,SB_20181025
Chaffinch,CHAFF,3,M,15/10/2018,83,19.5,18.3,21,SB,SB_20181025
Chaffinch,CHAFF,3,M,15/10/2018,85,20,18.3,20.9,SB,SB_20181025
Chaffinch,CHAFF,3,M,15/10/2018,84,21.5,18.2,21,SB,SB_20181025
Chaffinch,CHAFF,3,M,15/10/2018,86,21.5,17.7,20.6,SB,SB_20181025
Chaffinch,CHAFF,3,F,15/10/2018,81,19,19,21.8,SB,SB_20181025
Chaffinch,CHAFF,3,M,15/10/2018,85,22.5,18.9,21.5,SB,SB_20181025
Blue Tit,BLUTI,3,,15/10/2018,60,9.5,16.5,19.2,SB,SB_20181025
Robin,ROBIN,3,,15/10/2018,74,18.7,26.8,29.7,SB,SB_20181025
Chaffinch,CHAFF,3,M,15/10/2018,87,21.1,18.7,21.6,SB,SB_20181025
Chaffinch,CHAFF,4,M,16/10/2018,88,19.8,16.7,19.2,SB,SB_20181025
Great Tit,GRETI,3,F,16/10/2018,74,16.5,20,22.9,SB,SB_20181025
Great Tit,GRETI,4,M,16/10/2018,78,18.4,21,24.2,SB,SB_20181025
Blue Tit,BLUTI,3,,17/10/2018,65,10.1,16.9,19.1,SB,SB_20181022
Blue Tit,BLUTI,4,,17/10/2018,63,10.6,17.2,19.6,SB,SB_20181022
Blue Tit,BLUTI,4,,17/10/2018,62,9.5,16.6,19,SB,SB_20181022
Blue Tit,BLUTI,3,,17/10/2018,60,9.4,16.8,19.5,SB,SB_20181022
Blue Tit,BLUTI,3,,17/10/2018,60,9.2,16.1,18.3,SB,SB_20181022
Blue Tit,BLUTI,3,,17/10/2018,62,10.3,17,19.4,SB,SB_20181022
Blue Tit,BLUTI,4,,17/10/2018,60,10.1,16.5,19.2,SB,SB_20181022
Blue Tit,BLUTI,3,,17/10/2018,60,10,16.2,18.9,SB,SB_20181022
Chaffinch,CHAFF,3,M,17/10/2018,83,20.8,18.5,21.3,SB,SB_20181022
Chaffinch,CHAFF,3,F,17/10/2018,79,18.2,18.8,21.5,SB,SB_20181022
Chaffinch,CHAFF,4,F,17/10/2018,82,19.3,18.5,21,SB,SB_20181022
Chaffinch,CHAFF,3,F,17/10/2018,78,18.9,17.6,20.4,SB,SB_20181022
Chaffinch,CHAFF,3,F,17/10/2018,77,19.1,18.7,21.2,SB,SB_20181022
Chaffinch,CHAFF,3,F,17/10/2018,80,17.8,17.6,20.2,SB,SB_20181022
Chaffinch,CHAFF,3,F,17/10/2018,76,19,18.6,21.1,SB,SB_20181022
Great Tit,GRETI,4,F,17/10/2018,75,17.6,20.5,23.1,SB,SB_20181022
Great Tit,GRETI,4,M,17/10/2018,76,18.8,20.3,23.2,SB,SB_20181022
Great Tit,GRETI,3,F,17/10/2018,71,16.7,20.1,22.8,SB,SB_20181022
Great Tit,GRETI,3,M,17/10/2018,72,17.6,20.4,23.2,SB,SB_20181022
Great Tit,GRETI,4,F,17/10/2018,74,18.1,20.9,23.4,SB,SB_20181022
Great Tit,GRETI,3,F,17/10/2018,72,17.4,20.7,23.2,SB,SB_20181022
Robin,ROBIN,3,,17/10/2018,74,18,26,28.9,SB,SB_20181022
Blue Tit,BLUTI,3,,18/10/2018,62,10,17.2,19.7,SB,SB_20181022
Blue Tit,BLUTI,3,,18/10/2018,60,9.7,16.9,19.1,SB,SB_20181022
Blue Tit,BLUTI,3,,18/10/2018,63,10.4,16.3,19.1,SB,SB_20181022
Chaffinch,CHAFF,4,M,18/10/2018,88,19.3,18.3,21.3,SB,SB_20181022
Chaffinch,CHAFF,3,M,18/10/2018,83,23.6,18.5,21.5,SB,SB_20181022
Chaffinch,CHAFF,3,F,18/10/2018,77,19.8,18,20.6,SB,SB_20181022
Great Tit,GRETI,4,F,18/10/2018,73,17.6,20.5,23.5,SB,SB_20181022
Great Tit,GRETI,3,M,18/10/2018,73,18.6,20.6,23.6,SB,SB_20181022
Blackbird,BLABI,3,F,19/10/2018,122,91.3,34,39,SB,SB_20181022
Chaffinch,CHAFF,4,F,19/10/2018,82,19.5,17.9,20.5,SB,SB_20181022
Chaffinch,CHAFF,4,M,19/10/2018,91,20.3,18.9,21.7,SB,SB_20181022
Chaffinch,CHAFF,4,M,19/10/2018,86,19.8,18.9,21.5,SB,SB_20181022
Great Tit,GRETI,4,F,19/10/2018,72,17.2,20.8,23.4,SB,SB_20181022
Great Tit,GRETI,4,F,19/10/2018,73,17.3,20.4,22.9,SB,SB_20181022
Robin,ROBIN,3,,19/10/2018,74,17.7,25.8,28.8,SB,SB_20181022
Robin,ROBIN,3,,19/10/2018,75,17.5,25.7,28.7,SB,SB_20181022
Robin,ROBIN,3,,19/10/2018,74,18,26,28.8,SB,SB_20181022
Blue Tit,BLUTI,3,,20/10/2018,60,,15.5,18.5,SB,SB_20181022
Blue Tit,BLUTI,3,,20/10/2018,64,,16.5,18.7,SB,SB_20181022
Chaffinch,CHAFF,3,F,20/10/2018,82,19.2,18.8,21.2,SB,SB_20181022
Chaffinch,CHAFF,3,F,20/10/2018,82,19.1,18.4,21.1,SB,SB_20181022
Chaffinch,CHAFF,3,F,20/10/2018,82,20.7,19,21.7,SB,SB_20181022
Chaffinch,CHAFF,3,F,20/10/2018,82,21.7,18.5,21.1,SB,SB_20181022
Chaffinch,CHAFF,3,F,20/10/2018,83,20.1,17.8,20.9,SB,SB_20181022
Chaffinch,CHAFF,3,F,20/10/2018,82,20.7,18.3,21.3,SB,SB_20181022
Chaffinch,CHAFF,3,F,20/10/2018,80,19.3,18.1,21.1,SB,SB_20181022
Chaffinch,CHAFF,3,F,20/10/2018,81,18.2,18,20.7,SB,SB_20181022
Chaffinch,CHAFF,3,F,20/10/2018,82,20.3,18.7,21.3,SB,SB_20181022
Chaffinch,CHAFF,3,F,20/10/2018,81,19.8,18.2,21,SB,SB_20181022
Chaffinch,CHAFF,3,F,20/10/2018,80,18,17.5,20.5,SB,SB_20181022
Great Tit,GRETI,3,F,20/10/2018,76,18,21,24,SB,SB_20181022
Great Tit,GRETI,3,,20/10/2018,72,17,20.4,23.5,SB,SB_20181022
Great Tit,GRETI,3,F,20/10/2018,72,17.4,20.4,23.9,SB,SB_20181022
Blue Tit,BLUTI,3,,21/10/2018,64,11.4,17.3,19.6,SB,SB_20181022
Great Tit,GRETI,3,M,21/10/2018,74,18.4,20.5,23.5,SB,SB_20181022
Robin,ROBIN,4,,21/10/2018,74,19,26,28.8,SB,SB_20181022
Blue Tit,BLUTI,3,,22/10/2018,62,10,17.4,20,SB,SB_20181022
Blue Tit,BLUTI,3,,22/10/2018,61,9,16.1,18.3,SB,SB_20181022
Blue Tit,BLUTI,4,,22/10/2018,62,10.1,17.5,19.9,SB,SB_20181022
Blue Tit,BLUTI,4,,22/10/2018,64,10.6,16.7,19.2,SB,SB_20181022
Chaffinch,CHAFF,3,F,22/10/2018,81,19.8,18.8,21.4,SB,SB_20181022
Chaffinch,CHAFF,3,F,22/10/2018,80,18.8,18,20.5,SB,SB_20181022
Chaffinch,CHAFF,3,F,22/10/2018,83,20,17.4,20,SB,SB_20181022
Chaffinch,CHAFF,3,F,22/10/2018,81,18.8,17.8,20.3,SB,SB_20181022
Chaffinch,CHAFF,3,F,22/10/2018,79,19.4,18.5,21.3,SB,SB_20181022
Chaffinch,CHAFF,3,F,22/10/2018,81,20,18,20.5,SB,SB_20181022
Chaffinch,CHAFF,3,M,22/10/2018,85,20.9,18.1,20.6,SB,SB_20181022
Chaffinch,CHAFF,3,F,22/10/2018,81,20,18.6,21.1,SB,SB_20181022
Chaffinch,CHAFF,3,M,22/10/2018,85,21.1,18.8,21.4,SB,SB_20181022
Chaffinch,CHAFF,3,F,22/10/2018,82,19.5,18.5,21,SB,SB_20181022
Chaffinch,CHAFF,4,M,22/10/2018,89,21.5,18.8,21.3,SB,SB_20181022
Chaffinch,CHAFF,3,F,22/10/2018,79,18.5,18.5,21.1,SB,SB_20181022
Chaffinch,CHAFF,3,F,22/10/2018,77,17.8,17.3,19.5,SB,SB_20181022
Chaffinch,CHAFF,4,F,22/10/2018,83,18.6,17.6,20.2,SB,SB_20181022
Chaffinch,CHAFF,3,F,22/10/2018,83,18.9,18.7,21.5,SB,SB_20181022
Chaffinch,CHAFF,3,F,22/10/2018,80,19.8,17.8,20.6,SB,SB_20181022
Great Tit,GRETI,3,M,22/10/2018,74,18.6,20.8,23.7,SB,SB_20181022
Great Tit,GRETI,4,F,22/10/2018,73,16.8,19.1,22.5,SB,SB_20181022
Great Tit,GRETI,4,F,22/10/2018,76,17.7,20.3,22.9,SB,SB_20181022
Great Tit,GRETI,4,M,22/10/2018,76,19.1,21.4,24,SB,SB_20181022
Great Tit,GRETI,3,F,22/10/2018,72,17.5,20.9,23.9,SB,SB_20181022
Great Tit,GRETI,4,F,22/10/2018,74,19,20.3,23.3,SB,SB_20181022
Great Tit,GRETI,3,M,22/10/2018,78,18.6,20.9,24.1,SB,SB_20181022
Great Tit,GRETI,3,M,22/10/2018,73,18.2,18.7,21.6,SB,SB_20181022
Robin,ROBIN,4,,23/10/2018,77,17.8,26.9,30,SB,SB_20181025
Chaffinch,CHAFF,3,M,23/10/2018,86,25.2,19,22,SB,SB_20181025
Blue Tit,BLUTI,4,,23/10/2018,64,10.8,17.6,20.2,SB,SB_20181025
Blue Tit,BLUTI,3,,23/10/2018,63,10,17.7,20.3,SB,SB_20181025
Blue Tit,BLUTI,4,,23/10/2018,62,9.7,16.9,19.4,SB,SB_20181025
Blue Tit,BLUTI,4,,23/10/2018,64,10.8,17.6,20.1,SB,SB_20181025
Blue Tit,BLUTI,3,,23/10/2018,62,9.9,16.7,19.2,SB,SB_20181025
Chaffinch,CHAFF,3,F,23/10/2018,80,19.7,19,21.5,SB,SB_20181025
Chaffinch,CHAFF,4,F,23/10/2018,82,19.9,18.9,21.7,SB,SB_20181025
Great Tit,GRETI,4,M,23/10/2018,77,18.2,20.5,23.3,SB,SB_20181025
Great Tit,GRETI,4,F,23/10/2018,73,18.1,20.9,23.7,SB,SB_20181025
Great Tit,GRETI,4,M,23/10/2018,79,18.1,21,24,SB,SB_20181025
Great Tit,GRETI,4,F,23/10/2018,73,15.5,18.7,21.7,SB,SB_20181025
Great Tit,GRETI,3,M,23/10/2018,76,19.6,21.6,24.6,SB,SB_20181025
Great Tit,GRETI,3,F,23/10/2018,73,17,19.7,22.7,SB,SB_20181025
Great Tit,GRETI,3,F,23/10/2018,75,17.8,20.8,23.7,SB,SB_20181025
Great Tit,GRETI,4,M,23/10/2018,78,19.8,21.8,24.5,SB,SB_20181025
Chaffinch,CHAFF,4,F,24/10/2018,80,17.4,18,20.5,SB,SB_20181025
Chaffinch,CHAFF,3,F,24/10/2018,79,18.6,18.3,21.1,SB,SB_20181025
Blue Tit,BLUTI,3,,24/10/2018,65,10.2,17.8,20.5,SB,SB_20181025
Blue Tit,BLUTI,3,,24/10/2018,61,9.8,16.6,19.2,SB,SB_20181025
Blue Tit,BLUTI,3,,24/10/2018,61,9.5,16.8,19.3,SB,SB_20181025
Blue Tit,BLUTI,4,,24/10/2018,66,10.5,17.8,20.5,SB,SB_20181025
Blue Tit,BLUTI,3,,24/10/2018,61,9.8,16,18.6,SB,SB_20181025
Chaffinch,CHAFF,3,M,24/10/2018,87,20.3,18,20.8,SB,SB_20181025
Great Tit,GRETI,3,M,24/10/2018,74,18,21,23.8,SB,SB_20181025
Great Tit,GRETI,4,M,24/10/2018,77,19.3,20.4,23.5,SB,SB_20181025
Great Tit,GRETI,4,F,24/10/2018,76,17.8,19.8,23.1,SB,SB_20181025
Great Tit,GRETI,3,M,24/10/2018,76,19.2,21,24.2,SB,SB_20181025
Great Tit,GRETI,4,F,24/10/2018,72,18.9,19.6,22.7,SB,SB_20181025
Great Tit,GRETI,3,M,24/10/2018,78,18.7,20.8,23.9,SB,SB_20181025
Great Tit,GRETI,3,M,24/10/2018,74,17.3,20,23,SB,SB_20181025
Long-tailed Tit,LOTTI,2,,25/10/2018,59,7.2,17,19.2,JS,RJF_20181027
Wren,WREN,3,,25/10/2018,48,8.3,16.2,19.1,JS,RJF_20181027
Long-tailed Tit,LOTTI,2,,25/10/2018,62,7.4,17.3,18.8,JS,RJF_20181027
Long-tailed Tit,LOTTI,2,,25/10/2018,59,7.2,17.5,19,JS,RJF_20181027
Long-tailed Tit,LOTTI,2,,25/10/2018,63,7.9,16.7,19,JS,RJF_20181027
Wren,WREN,3,,25/10/2018,50,9.9,17.9,20.3,JS,RJF_20181027
Blackbird,BLABI,3,M,25/10/2018,126,100.2,35,39.1,JS,RJF_20181027
Blackbird,BLABI,4,M,25/10/2018,129,95.1,31.9,38.7,JS,RJF_20181027
Blackbird,BLABI,3,F,25/10/2018,126,99.1,34.1,39,JS,RJF_20181027
Robin,ROBIN,3,,25/10/2018,71,17.6,25.6,29,JS,RJF_20181027
Chaffinch,CHAFF,4,M,25/10/2018,87,21.3,18.6,21,JS,RJF_20181027
Blackbird,BLABI,3,M,25/10/2018,128,89.9,35.2,39.9,SB,SB_20181025
Chaffinch,CHAFF,3,F,26/10/2018,79,19.6,18.9,21.5,SB,SB_20181030
Chaffinch,CHAFF,3,F,26/10/2018,80,19.7,17.9,20.5,SB,SB_20181030
Chaffinch,CHAFF,3,F,26/10/2018,79,17.5,17.7,20.1,SB,SB_20181030
Blue Tit,BLUTI,3,,30/10/2018,65,10.9,17.4,20,SB,SB_20181030
Chaffinch,CHAFF,3,F,30/10/2018,80,19.4,19,21.8,SB,SB_20181030
Blue Tit,BLUTI,3,,30/10/2018,63,10,17.5,20,SB,SB_20181030
Chaffinch,CHAFF,3,F,30/10/2018,85,20.6,18.5,21.1,SB,SB_20181030
Chaffinch,CHAFF,3,F,30/10/2018,83,20.4,18.7,21.5,SB,SB_20181030
Chaffinch,CHAFF,3,F,30/10/2018,80,20.5,19,21.6,SB,SB_20181030
Chaffinch,CHAFF,3,F,30/10/2018,80,18.3,16.8,19.4,SB,SB_20181030
Chaffinch,CHAFF,3,F,30/10/2018,82,20.8,18.5,21,SB,SB_20181030
Chaffinch,CHAFF,3,M,30/10/2018,84.5,20.3,18.3,20.8,SB,SB_20181030
Great Tit,GRETI,4,M,30/10/2018,76,18.9,20.5,23.5,SB,SB_20181030
Great Tit,GRETI,3,M,30/10/2018,77,19,21.1,24.3,SB,SB_20181030
Dunnock,DUNNO,3,,03/11/2018,68,21,20.4,22.7,RJF,RJF_20181104
Dunnock,DUNNO,3,,03/11/2018,66,20.1,22,23.5,RJF,RJF_20181104
Chaffinch,CHAFF,4,M,07/11/2018,90,19.3,17.7,19.9,IDH,IDH_20180822
Chaffinch,CHAFF,4,F,08/11/2018,80,19.1,16.7,18.7,IDH,IDH_20180822
Goldcrest,GOLDC,3,M,08/11/2018,53,5.4,16.3,17.3,IDH,IDH_20180822
Goldcrest,GOLDC,3,M,08/11/2018,54,5.5,17.7,19.4,IDH,IDH_20180822
Long-tailed Tit,LOTTI,2,U,08/11/2018,62,7.8,17.1,18.8,IDH,IDH_20180822
Long-tailed Tit,LOTTI,2,U,08/11/2018,61,7.6,17.3,19.2,IDH,IDH_20180822
Goldcrest,GOLDC,3,M,12/11/2018,53,5.2,16.6,17.6,IDH,IDH_20180822
Goldcrest,GOLDC,3,F,12/11/2018,52,5.6,17.3,18.3,IDH,IDH_20180822
Goldcrest,GOLDC,3,M,12/11/2018,55,5.4,17.4,18.8,IDH,IDH_20180822
Goldcrest,GOLDC,3,M,12/11/2018,53,5.5,17.2,19,IDH,IDH_20180822
Goldcrest,GOLDC,2,M,12/11/2018,54,5.2,17.8,19,IDH,IDH_20180822
Goldcrest,GOLDC,3,M,12/11/2018,55,5.6,17.3,19,IDH,IDH_20180822
Bullfinch,BULLF,4,M,13/11/2018,83,21.7,16.4,19,IDH,IDH_20180822
Chaffinch,CHAFF,3,M,13/11/2018,84,19.3,17.6,19.9,IDH,IDH_20180822
Chaffinch,CHAFF,4,F,13/11/2018,82,18.5,17.2,19.5,IDH,IDH_20180822
Chaffinch,CHAFF,4,F,13/11/2018,82,19,17.6,20,IDH,IDH_20180822
Chaffinch,CHAFF,3,F,13/11/2018,79,20.3,18.3,20.5,IDH,IDH_20180822
Chaffinch,CHAFF,4,F,13/11/2018,81,19.3,18.3,20.8,IDH,IDH_20180822
Goldcrest,GOLDC,3,F,13/11/2018,53,5.1,16.7,18,IDH,IDH_20180822
Goldcrest,GOLDC,3,F,13/11/2018,53,5.1,16.9,18.2,IDH,IDH_20180822
Goldcrest,GOLDC,3,M,13/11/2018,54,4.9,17.3,18.5,IDH,IDH_20180822
Goldfinch,GREEN,2,F,13/11/2018,91,26.4,18.2,21.3,IDH,IDH_20180822
Chaffinch,CHAFF,3,F,15/11/2018,82,19.1,18.5,20.9,IDH,IDH_20180822
Robin,ROBIN,3,U,15/11/2018,73,18,25.9,27.8,IDH,IDH_20180822
Treecreeper,TREEC,3,U,15/11/2018,64,9.3,16.5,18,IDH,IDH_20180822
Chaffinch,CHAFF,3,F,16/11/2018,81,19.9,18.8,21,IDH,IDH_20180822
Chaffinch,CHAFF,4,F,16/11/2018,82,19.3,17.7,19.9,IDH,IDH_20180822
Goldcrest,GOLDC,3,F,16/11/2018,52,5,17,18.2,IDH,IDH_20180822
Goldcrest,GOLDC,3,M,16/11/2018,53,4.8,16.7,18,IDH,IDH_20180822
Long-tailed Tit,LOTTI,2,U,16/11/2018,63,8.1,16.9,18.2,IDH,IDH_20180822
Long-tailed Tit,LOTTI,2,U,16/11/2018,59,7.4,16.9,18.4,IDH,IDH_20180822
Long-tailed Tit,LOTTI,2,U,16/11/2018,62,8,16.9,18.4,IDH,IDH_20180822
Long-tailed Tit,LOTTI,2,U,16/11/2018,60,7.5,17,18.7,IDH,IDH_20180822
Long-tailed Tit,LOTTI,2,U,16/11/2018,64,7.9,16.8,18.8,IDH,IDH_20180822
Long-tailed Tit,LOTTI,2,U,16/11/2018,62,7.9,17.3,18.9,IDH,IDH_20180822
Long-tailed Tit,LOTTI,2,U,16/11/2018,60,7.5,17.5,19.5,IDH,IDH_20180822
Robin,ROBIN,4,U,16/11/2018,75,19.6,26.1,29.1,IDH,IDH_20180822
Wren,WREN,3,U,16/11/2018,49,9.6,18.5,20.8,IDH,IDH_20180822
Robin,ROBIN,3,,19/11/2018,69,17.3,26.3,29,SB,SB_20181206
Blackbird,BLABI,3,M,19/11/2018,127,91.5,32,38.1,SB,SB_20181206
Blackbird,BLABI,3,M,19/11/2018,127,95.6,34.5,39.4,SB,SB_20181206
Blackbird,BLABI,4,M,19/11/2018,130,92.3,34.1,39.1,SB,SB_20181206
Chaffinch,CHAFF,3,F,20/11/2018,80,18.9,18.2,20.2,IDH,IDH_20180822
Long-tailed Tit,LOTTI,2,U,20/11/2018,61,7.3,17.2,19,IDH,IDH_20180822
Long-tailed Tit,LOTTI,2,U,20/11/2018,64,8.3,17.6,19.1,IDH,IDH_20180822
Long-tailed Tit,LOTTI,2,U,20/11/2018,63,8,18,19.1,IDH,IDH_20180822
Long-tailed Tit,LOTTI,2,U,20/11/2018,62,7.9,17.8,19.4,IDH,IDH_20180822
Blackbird,BLABI,4,M,20/11/2018,133,91.6,34.5,39.2,SB,SB_20181206
Blackbird,BLABI,3,M,20/11/2018,134,98.1,34.3,39.1,SB,SB_20181206
Coal Tit,COATI,3,,20/11/2018,60,9.2,17.5,19.7,SB,SB_20181206
Coal Tit,COATI,3,,20/11/2018,62,8.8,17.6,19.8,SB,SB_20181206
Coal Tit,COATI,3,,20/11/2018,60,9,17.2,19.4,SB,SB_20181206
Coal Tit,COATI,4,,21/11/2018,61,9.4,17.3,19.7,SB,SB_20181206
Coal Tit,COATI,3,,21/11/2018,60,9.3,17.2,19.6,SB,SB_20181206
Goldfinch,GOLDF,4,M,21/11/2018,82,16,14.8,17.6,SB,SB_20181206
Robin,ROBIN,4,,21/11/2018,71,19.9,27.5,30.4,SB,SB_20181206
Coal Tit,COATI,3,,25/11/2018,57,8.8,17.1,19.3,SB,SB_20181206
Coal Tit,COATI,3,,25/11/2018,60,9.2,17.8,20.3,SB,SB_20181206
Coal Tit,COATI,4,,25/11/2018,60,9.3,16.9,19.3,SB,SB_20181206
Robin,ROBIN,4,,30/11/2018,75,19.7,25.4,28.2,SB,SB_20181206
Robin,ROBIN,4,,30/11/2018,75,19.8,26.7,29.4,SB,SB_20181206
Blackbird,BLABI,3,F,30/11/2018,124,88.8,33.1,37.9,SB,SB_20181206
Blackbird,BLABI,3,F,30/11/2018,126,96.6,36,40.7,SB,SB_20181206
Blackbird,BLABI,4,F,12/12/2018,128,89.5,33.9,38.8,SB,SB_20190107
Blackbird,BLABI,3,F,12/12/2018,124,95.2,33.6,38.4,SB,SB_20190107
Blackbird,BLABI,4,M,20/12/2018,136,98.1,35.5,40.5,SB,SB_20190107
Robin,ROBIN,4,,30/12/2018,72,20,26.3,29,SB,SB_20190107
Robin,ROBIN,3,,30/12/2018,71,20,25.8,28.7,SB,SB_20190107
Blackcap,BLACA,4,U,01/01/2019,77,18.4,20.6,23.4,RJF,RJF_20190130
Blackcap,BLACA,5,U,01/01/2019,74,20.1,21.3,24.5,RJF,RJF_20190130
Robin,ROBIN,5,U,01/01/2019,75,20,26.9,30,RJF,RJF_20190130
Blackbird,BLABI,5,M,01/01/2019,135,104.9,35,40,SB,SB_20190107
Blackbird,BLABI,6,M,01/01/2019,129,95.5,35.2,40,SB,SB_20190107
Robin,ROBIN,5,,01/01/2019,70,19.4,25.7,28.4,SB,SB_20190107
Dunnock,DUNNO,4,U,03/01/2019,79,20.2,21,23.5,AC,RJF_20190130
Robin,ROBIN,6,,04/01/2019,74,19.9,24.5,27.5,SB,SB_20190107
Robin,ROBIN,5,,04/01/2019,73,17.8,25.5,28.2,SB,SB_20190107
Blackbird,BLABI,5,M,05/01/2019,133,106.4,34.1,39.9,RJF,RJF_20190130
Blackbird,BLABI,5,F,05/01/2019,128,117.1,35,39.2,RJF,RJF_20190130
Blackbird,BLABI,6,F,07/01/2019,131,96.6,36.8,41.6,SB,SB_20190107
Robin,ROBIN,6,,07/01/2019,77,20.6,26.5,29.3,SB,SB_20190107
Robin,ROBIN,6,,07/01/2019,73,19.2,25.7,28.5,SB,SB_20190107
Blackbird,BLABI,6,M,07/01/2019,130,102.9,36.7,41.5,SB,SB_20190107
Blackbird,BLABI,6,F,09/01/2019,126,104.8,34.1,38.9,SB,SB_20190118
Blackbird,BLABI,6,F,09/01/2019,129,94.2,34,38.4,SB,SB_20190118
Blackbird,BLABI,6,F,11/01/2019,131,94.5,34.7,40.1,SB,SB_20190118
Blackbird,BLABI,5,F,11/01/2019,131,100.3,33.3,38,SB,SB_20190118
Blackbird,BLABI,5,F,11/01/2019,125,92,34.1,38.5,SB,SB_20190118
Blackbird,BLABI,6,M,11/01/2019,139,102.8,35.1,40.2,SB,SB_20190118
Blackbird,BLABI,6,M,12/01/2019,132,109.9,33,38,RJF,RJF_20190130
Blackbird,BLABI,6,M,12/01/2019,130,98,31.5,37,RJF,RJF_20190130
Robin,ROBIN,6,U,13/01/2019,73,19.8,26.7,29.8,RJF,RJF_20190130
Blackbird,BLABI,5,M,14/01/2019,138,104,36.7,42,SB,SB_20190118
Coal Tit,COATI,6,,14/01/2019,60,8.8,17.3,19.5,SB,SB_20190118
Coal Tit,COATI,6,,14/01/2019,60,9.1,17.5,19.9,SB,SB_20190118
Coal Tit,COATI,6,,14/01/2019,62,8.9,17,19.6,SB,SB_20190118
Coal Tit,COATI,6,,14/01/2019,62,9,17.4,20,SB,SB_20190118
Coal Tit,COATI,5,,14/01/2019,60,9.3,17.9,20.3,SB,SB_20190118
Coal Tit,COATI,6,,14/01/2019,59,8.5,17.3,19.7,SB,SB_20190118
Robin,ROBIN,6,,16/01/2019,75,20.8,27.2,30.2,SB,SB_20190118
Blackbird,BLABI,5,M,16/01/2019,126,79.5,32.1,36.6,SB,SB_20190118
Coal Tit,COATI,5,,16/01/2019,60,8.6,17,19.1,SB,SB_20190118
Blackbird,BLABI,5,F,16/01/2019,124,93.6,33.6,38.3,SB,SB_20190118
Blackbird,BLABI,6,M,16/01/2019,136,102.6,33.4,39,SB,SB_20190118
Blackbird,BLABI,6,F,16/01/2019,126,94,34.7,39.5,SB,SB_20190118
Robin,ROBIN,5,,18/01/2019,72,18.9,23.8,26.5,SB,SB_20190118
Coal Tit,COATI,5,,18/01/2019,59,9,17.4,19.7,SB,SB_20190118
Coal Tit,COATI,5,,18/01/2019,59,8.8,17.4,19.6,SB,SB_20190118
Coal Tit,COATI,6,,18/01/2019,62,9.2,18.5,21.1,SB,SB_20190118
Coal Tit,COATI,5,,18/01/2019,58,8.4,16.9,19.2,SB,SB_20190118
Coal Tit,COATI,6,,18/01/2019,59,8.2,16.9,19,SB,SB_20190118
Coal Tit,COATI,5,,18/01/2019,59,8.6,17.7,20,SB,SB_20190118
Coal Tit,COATI,5,,18/01/2019,59,9.4,18.1,20.4,SB,SB_20190118
Blackbird,BLABI,5,M,18/01/2019,131,98.4,34.4,38.9,SB,SB_20190118
Coal Tit,COATI,6,,20/01/2019,62,9,17.5,19.7,SB,SB_20190130
Coal Tit,COATI,5,,20/01/2019,60,9.4,16.4,19,SB,SB_20190130
Blackbird,BLABI,6,M,20/01/2019,132,99.7,35,39.9,SB,SB_20190130
Coal Tit,COATI,5,,20/01/2019,59,8.8,17.1,19.4,SB,SB_20190130
Coal Tit,COATI,5,,20/01/2019,61,9.1,17,19.5,SB,SB_20190130
Coal Tit,COATI,6,,20/01/2019,60,8.3,16.5,18.7,SB,SB_20190130
Coal Tit,COATI,6,,20/01/2019,60,8.8,16.6,18.9,SB,SB_20190130
Coal Tit,COATI,6,,20/01/2019,62,8.9,17.2,19,SB,SB_20190130
Robin,ROBIN,5,,21/01/2019,74,17.1,25.4,28.3,SB,SB_20190130
Robin,ROBIN,6,,21/01/2019,73,21.1,25,27.8,SB,SB_20190130
Coal Tit,COATI,4,U,24/01/2019,62,9.3,17.5,19.3,JC,RJF_20190130
Nuthatch,NUTHA,4,M,24/01/2019,82,22.3,18.2,20.9,JC,RJF_20190130
Nuthatch,NUTHA,4,F,24/01/2019,79,22.3,19.5,22.5,RJF,RJF_20190130
Blackbird,BLABI,6,M,28/01/2019,135,96.4,34.4,39.2,SB,SB_20190130
Blackbird,BLABI,6,F,28/01/2019,126,,34.6,39.4,SB,SB_20190130
Blackbird,BLABI,6,M,28/01/2019,138,103.2,34,38.9,SB,SB_20190130
Blackbird,BLABI,5,M,30/01/2019,131,90.5,35.4,39.5,RJF,RJF_20190130
Chaffinch,CHAFF,5,F,30/01/2019,81,20.5,16.8,19.8,RJF,RJF_20190130
Chaffinch,CHAFF,5,F,30/01/2019,81,22,18.2,20.7,RJF,RJF_20190130
Chaffinch,CHAFF,5,M,30/01/2019,86,23.4,18.1,20.5,RJF,RJF_20190130
Coal Tit,COATI,4,U,30/01/2019,59,8.9,16.7,19.2,JC,RJF_20190130
Coal Tit,COATI,4,U,30/01/2019,62,9.3,17.6,19.8,JC,RJF_20190130
Coal Tit,COATI,4,U,30/01/2019,60,,17.6,19.8,JC,RJF_20190130
Coal Tit,COATI,4,U,30/01/2019,66,9.1,16.7,18,RJF,RJF_20190130
Coal Tit,COATI,6,,30/01/2019,61,9.3,17.3,19.6,SB,SB_20190130
Coal Tit,COATI,6,,30/01/2019,60,9.3,17.5,19.7,SB,SB_20190130
Coal Tit,COATI,6,,30/01/2019,61,8.7,17.1,19.3,SB,SB_20190130
Coal Tit,COATI,6,,30/01/2019,61,9,17.5,19.6,SB,SB_20190130
Coal Tit,COATI,6,,30/01/2019,59,8.9,17.8,20.1,SB,SB_20190130
Blackbird,BLABI,6,M,30/01/2019,126,98.6,34,38.7,SB,SB_20190130
Coal Tit,COATI,6,,30/01/2019,57,8.6,17.2,19.5,SB,SB_20190130
Coal Tit,COATI,5,,30/01/2019,60,9.2,17,19.4,SB,SB_20190130
Robin,ROBIN,6,,01/02/2019,74,19.1,24.7,27.6,SB,SB_20190329
Coal Tit,COATI,5,,01/02/2019,60,8.9,17.2,19.4,SB,SB_20190329
Blackbird,BLABI,5,M,01/02/2019,127,99.4,33.8,38.7,SB,SB_20190329
Robin,ROBIN,5,,02/02/2019,75,19.4,26,29,SB,SB_20190329
Coal Tit,COATI,5,,03/02/2019,61,9.6,17.6,19.8,SB,SB_20190329
Coal Tit,COATI,6,,03/02/2019,59,8.6,17.2,19.4,SB,SB_20190329
Coal Tit,COATI,5,,03/02/2019,60,8.7,17,19.2,SB,SB_20190329
Coal Tit,COATI,5,,03/02/2019,59,9.5,16.9,19,SB,SB_20190329
Coal Tit,COATI,6,,03/02/2019,62,8.9,17.1,19.4,SB,SB_20190329
Coal Tit,COATI,5,,03/02/2019,59,9.1,16.9,19.1,SB,SB_20190329
Coal Tit,COATI,6,,03/02/2019,61,8.9,16.7,18.8,SB,SB_20190329
Blackbird,BLABI,6,F,03/02/2019,125,103.7,34.4,38.7,SB,SB_20190329
Blackbird,BLABI,6,F,03/02/2019,128,93.9,33.7,38.3,SB,SB_20190329
Blackbird,BLABI,6,M,04/02/2019,137,95.2,34.2,39.4,SB,SB_20190329
Blackbird,BLABI,6,F,04/02/2019,136,96.3,34.1,38.8,SB,SB_20190329
Blackbird,BLABI,5,M,04/02/2019,130,93.7,33.7,39.1,SB,SB_20190329
Coal Tit,COATI,5,,09/02/2019,59,8.3,17,19.2,SB,SB_20190329
Robin,ROBIN,6,,22/02/2019,75.5,17.8,25.9,28.7,SB,SB_20190329
Coal Tit,COATI,6,,22/02/2019,61,8.8,16.5,18.8,SB,SB_20190329
Coal Tit,COATI,6,,22/02/2019,61,8.5,16.9,19.2,SB,SB_20190329
Robin,ROBIN,5,M,25/02/2019,76,19.2,25.9,29,SB,SB_20190329
Coal Tit,COATI,4,U,05/03/2019,60,8.8,16.3,18.6,AWS,RJF_20190331
Coal Tit,COATI,5,U,05/03/2019,59,9.1,16.6,19,AWS,RJF_20190331
Goldfinch,GOLDF,5,M,10/03/2019,77,15.9,15.3,17.6,RJF,RJF_20190331
Goldfinch,GOLDF,6,F,10/03/2019,78,14.2,14.6,17.7,RJF,RJF_20190331
Goldfinch,GOLDF,6,F,10/03/2019,78,14.1,14.3,17,RJF,RJF_20190331
Goldfinch,GOLDF,5,M,11/03/2019,79,15.9,14.8,16.7,RJF,RJF_20190331
Goldfinch,GOLDF,6,M,13/03/2019,81,15.1,14,17,RJF,RJF_20190331
Coal Tit,COATI,6,,18/03/2019,62,9.3,17.2,19.3,SB,SB_20190329
Coal Tit,COATI,6,M,18/03/2019,61,9.8,17.4,19.7,SB,SB_20190329
Coal Tit,COATI,6,,18/03/2019,60,9.6,17.8,20.2,SB,SB_20190329
Blackbird,BLABI,6,F,18/03/2019,121,85.6,33.6,38.7,SB,SB_20190329
Blackbird,BLABI,6,M,18/03/2019,132,99,35.9,41,SB,SB_20190412
Chaffinch,CHAFF,4,F,19/03/2019,81,21.2,18.3,21,JC,RJF_20190331
Chaffinch,CHAFF,6,M,19/03/2019,87,19.7,18.2,21,JC,RJF_20190331
Hawfinch,HAWFI,6,M,20/03/2019,107,58.9,21.5,26.2,RJF,RJF_20190331
Hawfinch,HAWFI,6,M,20/03/2019,107,52.2,23,27.5,RJF,RJF_20190331
Hawfinch,HAWFI,6,M,20/03/2019,104,53,23,26.7,RJF,RJF_20190331
Chaffinch,CHAFF,5,M,20/03/2019,85,21.3,18,21.3,RJF,RJF_20190331
Chaffinch,CHAFF,6,M,20/03/2019,75,19.7,18.8,21,RJF,RJF_20190331
Coal Tit,COATI,5,,20/03/2019,61,8.6,17,19.2,SB,SB_20190329
Coal Tit,COATI,6,,20/03/2019,59,8.4,17.3,19.6,SB,SB_20190329
Coal Tit,COATI,5,,20/03/2019,58,8.2,17.5,19.9,SB,SB_20190329
Coal Tit,COATI,6,M,20/03/2019,62,9.1,17.6,20,SB,SB_20190329
Coal Tit,COATI,6,M,20/03/2019,61,8.9,18.1,20.1,SB,SB_20190329
Robin,ROBIN,6,,20/03/2019,72,17.5,25.8,28.5,SB,SB_20190329
Coal Tit,COATI,6,,20/03/2019,63,9.4,17.9,20.2,SB,SB_20190329
Coal Tit,COATI,5,,20/03/2019,60,,16.7,19,SB,SB_20190329
Coal Tit,COATI,5,,25/03/2019,59,8.9,17.3,19.4,SB,SB_20190329
Hawfinch,HAWFI,20.6,F,26/03/2019,107,53.7,20.6,22.7,DJJ,RJF_20190331
Hawfinch,HAWFI,5,M,26/03/2019,105,46.5,20.3,24.1,MJT,RJF_20190331
Coal Tit,COATI,5,,29/03/2019,60,9,17,19.3,SB,SB_20190329
Goldfinch,GOLDF,6,F,30/03/2019,80,14.6,14,16.8,RJF,RJF_20190331
Goldfinch,GOLDF,6,M,30/03/2019,79,18.6,14.3,17.2,RJF,RJF_20190331
Goldfinch,GOLDF,6,M,31/03/2019,75,15.2,14.8,17.2,RJF,RJF_20190331
Blackbird,BLABI,5,M,03/04/2019,135,92.4,33.9,39.1,RJF,RJF_20190430
Chaffinch,CHAFF,6,F,03/04/2019,79,20.9,17.8,21,RJF,RJF_20190430
Chiffchaff,CHIFF,4,U,03/04/2019,61,8.9,17.4,19.5,RJF,RJF_20190430
Hawfinch,HAWFI,6,M,03/04/2019,103,50.8,19.8,22.9,RJF,RJF_20190430
Nuthatch,NUTHA,4,F,03/04/2019,84,22.8,19.2,22.8,RJF,RJF_20190430
Nuthatch,NUTHA,4,M,03/04/2019,88,23,20.4,21.9,RJF,RJF_20190430
Nuthatch,NUTHA,4,M,03/04/2019,85,24.1,20.9,23,RJF,RJF_20190430
Hawfinch,HAWFI,6,M,10/04/2019,103,49.3,21.1,24.9,JS,RJF_20190430
Robin,ROBIN,5,M,10/04/2019,77,20.2,27.8,30.7,SB,SB_20190412
Blackbird,BLABI,6,F,12/04/2019,125,84.8,30.9,36.1,SB,SB_20190412
Goldfinch,GOLDF,5,M,14/04/2019,82,16.1,15.6,18,RJF,RJF_20190430
Goldfinch,GOLDF,6,F,14/04/2019,75,14.6,15.4,17.2,RJF,RJF_20190430
Goldfinch,GOLDF,6,F,14/04/2019,77,15.6,14,16.5,RJF,RJF_20190430
Goldfinch,GOLDF,6,M,14/04/2019,77,15.3,15.1,17.9,RJF,RJF_20190430
Goldfinch,GOLDF,6,F,14/04/2019,74,14.1,14.2,17.6,RJF,RJF_20190430
Goldfinch,GOLDF,6,M,14/04/2019,82,14.8,15.4,16.2,RJF,RJF_20190430
Goldfinch,GOLDF,6,M,14/04/2019,76,17.1,14.5,16.8,RJF,RJF_20190430
Chaffinch,CHAFF,5,M,17/04/2019,85,20.3,18.5,21.4,RJF,RJF_20190430
Chaffinch,CHAFF,5,M,17/04/2019,89,23.5,18.7,21.6,RJF,RJF_20190430
Chaffinch,CHAFF,5,F,17/04/2019,81,19.5,17.7,19.8,RJF,RJF_20190430
Chaffinch,CHAFF,5,M,17/04/2019,87,20.4,19.9,21.6,RJF,RJF_20190430
Hawfinch,HAWFI,6,F,17/04/2019,102,52.8,20.8,25.3,RJF,RJF_20190430
Hawfinch,HAWFI,6,F,17/04/2019,103,53.1,21.8,25.4,RJF,RJF_20190430
Hawfinch,HAWFI,5,F,17/04/2019,105,56.2,22,24.7,RJF,RJF_20190430
Hawfinch,HAWFI,5,M,17/04/2019,102,51.4,21.8,26.1,RJF,RJF_20190430
Hawfinch,HAWFI,6,M,17/04/2019,107,51.6,21.7,25.2,RJF,RJF_20190430
Hawfinch,HAWFI,6,F,17/04/2019,100,47.8,20,23.7,RJF,RJF_20190430
Nuthatch,NUTHA,4,F,17/04/2019,84,24.3,21.1,23.8,RJF,RJF_20190430
Robin,ROBIN,6,F,28/04/2019,73,21.5,25.8,28.7,SB,SB_20190623
Blackbird,BLABI,6,M,28/04/2019,129,,35.3,39.8,SB,SB_20190623
Coal Tit,COATI,5,M,12/05/2019,59,8.8,17.8,19.7,SB,SB_20190623
Coal Tit,COATI,5,F,16/05/2019,58,8.9,17.4,19.8,SB,SB_20190623
Coal Tit,COATI,5,M,20/05/2019,60,8.2,17,19.3,SB,SB_20190623
Coal Tit,COATI,5,F,20/05/2019,60,9.2,18.2,20.1,SB,SB_20190623
Coal Tit,COATI,5,F,30/05/2019,58,8.8,17.4,19.6,SB,SB_20190623
Coal Tit,COATI,6,F,30/05/2019,60,8.6,17.1,19.6,SB,SB_20190623
Blackbird,BLABI,3J,M,03/06/2019,127,89.8,35.3,40.7,SB,SB_20190623
Blackbird,BLABI,3J,,03/06/2019,124,89.9,36,41,SB,SB_20190623
Blackbird,BLABI,6,F,15/06/2019,127,85.5,34,39.2,SB,SB_20190623
Coal Tit,COATI,5,M,21/06/2019,61,8.8,18.1,20.3,SB,SB_20190623
Coal Tit,COATI,6,F,21/06/2019,59,8.2,17,19,SB,SB_20190623
Blackbird,BLABI,6,M,22/06/2019,128,85.8,34,39.1,SB,SB_20190623
Blackbird,BLABI,6,M,22/06/2019,126,89.4,35,39.8,SB,SB_20190623
Robin,ROBIN,3J,,22/06/2019,71,19.5,25.6,28.5,SB,SB_20190623
Robin,ROBIN,3J,,23/06/2019,73,20.2,26.8,29.8,SB,SB_20190623
Hawfinch,HAWFI,6,M,01/05/2019,108,50.9,21.9,25.9,DJJ,RJF_20190527
Hawfinch,HAWFI,4,F,01/05/2019,103,58,21.4,24.9,DJJ,RJF_20190527
Hawfinch,HAWFI,5,M,01/05/2019,106,48.4,20,23.1,DJJ,RJF_20190527
Hawfinch,HAWFI,5,M,01/05/2019,104,49.6,21.4,25.1,AC,RJF_20190527
Hawfinch,HAWFI,5,F,01/05/2019,104,57.6,22.4,26.1,AC,RJF_20190527
Hawfinch,HAWFI,6,M,01/05/2019,107,50.9,20.8,24.7,AC,RJF_20190527
Hawfinch,HAWFI,4,F,14/05/2019,107,56.3,22.4,26,JS,RJF_20190527
Robin,ROBIN,6,M,14/05/2019,76,19,26.9,28.9,JS,RJF_20190527
Hawfinch,HAWFI,6,F,14/05/2019,105,53.1,21.9,26.5,JS,RJF_20190527
Goldfinch,GOLDF,6,M,26/05/2019,78,12.4,14.7,17,RJF,RJF_20190527
Goldfinch,GOLDF,5,M,29/05/2019,70,15.2,14.9,17.3,RJF,RJF_20190527
Starling,STARL,3,-,27/05/2019,126,80.6,29.6,34.2,RJF,RJF_20190527
Robin,ROBIN,3J,,25/06/2019,70,17.4,25.9,28.4,SB,SB_20190725
Robin,ROBIN,3J,,25/06/2019,77,19.6,26.5,29.4,SB,SB_20190725
Blackbird,BLABI,6,M,25/06/2019,132,97.6,34.6,40.1,SB,SB_20190725
Robin,ROBIN,3J,,04/07/2019,75,19.9,27.1,30,SB,SB_20190725
Coal Tit,COATI,4,,04/07/2019,,9.3,17.2,19.5,SB,SB_20190725
Coal Tit,COATI,3J,,09/07/2019,58,,17.1,19.4,SB,SB_20190725
Blackbird,BLABI,3J,M,09/07/2019,127,,33.9,39.1,SB,SB_20190725
Robin,ROBIN,3J,,09/07/2019,76,19.7,25.7,28.7,SB,SB_20190725
Blackbird,BLABI,3J,M,09/07/2019,125,87.5,34.5,39.2,SB,SB_20190725
Robin,ROBIN,3J,,11/07/2019,72,16.4,24.3,27.3,SB,SB_20190725
Robin,ROBIN,3J,,11/07/2019,73,17.8,25.4,28.5,SB,SB_20190725
Robin,ROBIN,3J,,18/07/2019,73,19.6,26.1,29.3,SB,SB_20190725
Blackbird,BLABI,6,M,18/07/2019,128,89.4,35.4,39.9,SB,SB_20190725
Robin,ROBIN,3J,,18/07/2019,72,18.4,25.1,28.5,SB,SB_20190725
Robin,ROBIN,3,,24/07/2019,69,17.7,24.8,27.7,SB,SB_20190725
Robin,ROBIN,3J,,24/07/2019,73,19.6,26.5,29.8,SB,SB_20190725
Coal Tit,COATI,4,,24/07/2019,60,9.3,16.9,19.9,SB,SB_20190725
Robin,ROBIN,3J,,24/07/2019,73,18.8,26.4,29.7,SB,SB_20190725
Coal Tit,COATI,4,,24/07/2019,,8.7,17.4,20,SB,SB_20190725
Robin,ROBIN,3J,,24/07/2019,73,20,26.4,29.2,SB,SB_20190725
Blackbird,BLABI,5,F,03/02/2019,128,109.1,34,38.7,RJF,RJF_20190227
Blackbird,BLABI,6,F,03/02/2019,130,103.1,31.7,36.7,RJF,RJF_20190227
Blackbird,BLABI,6,M,03/02/2019,132,103.4,33.7,38.2,RJF,RJF_20190227
Blackbird,BLABI,5,M,10/02/2019,132,97.3,33.6,38.3,RJF,RJF_20190227
Blackbird,BLABI,6,M,10/02/2019,133,111.3,35,39.6,RJF,RJF_20190227
Blackbird,BLABI,5,M,10/02/2019,130,101.8,34,39,RJF,RJF_20190227
Blackbird,BLABI,5,M,23/02/2019,125,86.1,33.8,38.6,RJF,RJF_20190227
Blackbird,BLABI,6,F,23/02/2019,119,84.4,32.6,37.2,RJF,RJF_20190227
Blackbird,BLABI,5,F,25/02/2019,,118.1,34,38.8,RJF,RJF_20190227
Blackbird,BLABI,6,M,27/02/2019,131,96.6,35,39.7,RJF,RJF_20190227
Chaffinch,CHAFF,5,M,12/02/2019,84,20.8,18.4,20.2,RJF,RJF_20190227
Chaffinch,CHAFF,5,M,12/02/2019,89,22.2,19.2,20.8,RJF,RJF_20190227
Chaffinch,CHAFF,5,M,12/02/2019,91,23,17,20.1,RJF,RJF_20190227
Chaffinch,CHAFF,6,F,26/02/2019,81,20.2,18.1,20.5,RJF,RJF_20190227
Dunnock,DUNNO,5,U,23/02/2019,69,18.9,21.2,24.4,RJF,RJF_20190227
Dunnock,DUNNO,4,U,23/02/2019,68,21.6,20.3,23.4,RJF,RJF_20190227
Great Tit,HAWF,6,M,26/02/2019,107,49.8,21,24.8,RJF,RJF_20190227
Great Tit,HAWF,6,M,26/02/2019,105,,20.8,24.9,RJF,RJF_20190227
House Sparrow,HOUSP,4,M,23/02/2019,75,27.6,18.9,20.2,RJF,RJF_20190227
House Sparrow,HOUSP,4,F,23/02/2019,73,23.9,19.2,20.1,RJF,RJF_20190227
House Sparrow,HOUSP,4,F,23/02/2019,73,25.8,17.8,20.5,RJF,RJF_20190227
House Sparrow,HOUSP,4,M,23/02/2019,73,26.7,18.4,21.5,RJF,RJF_20190227
House Sparrow,HOUSP,4,M,23/02/2019,77,26,19.8,22.5,RJF,RJF_20190227
House Sparrow,HOUSP,4,F,23/02/2019,76,26.3,19.3,22.2,RJF,RJF_20190227
Nuthatch,NUTHA,4,m,26/02/2019,85,22.5,20.3,23.2,RJF,RJF_20190227
Robin,ROBIN,5,U,10/02/2019,75,21.8,26.5,29,RJF,RJF_20190227
Robin,ROBIN,4,U,11/02/2019,70,18.3,25.2,28.1,RJF,RJF_20190227
Robin,ROBIN,4,U,11/02/2019,75,19.5,25.1,28.5,RJF,RJF_20190227
Robin,ROBIN,5,U,26/02/2019,76,17.9,25.6,28.4,RJF,RJF_20190227
Robin,ROBIN,6,U,26/02/2019,76,19.8,25,27.5,RJF,RJF_20190227
Robin,ROBIN,6,M,27/02/2019,67,20.3,26.8,29.3,RJF,RJF_20190227
House Sparrow,HOUSP,4,M,01/07/2019,76,27.6,20.1,22.7,RJF,RJF_20190806
House Sparrow,HOUSP,4,M,01/07/2019,77,26.4,20.1,22,RJF,RJF_20190806
House Sparrow,HOUSP,4,M,02/07/2019,77,26.5,18.7,21.1,RJF,RJF_20190806
Blackbird,BLABI,6,M,02/07/2019,132,81.1,34.9,40,RJF,RJF_20190806
House Sparrow,HOUSP,4,M,03/07/2019,76,21.1,16.6,19.4,RJF,RJF_20190806
Blue Tit,BLUTI,5,F,27/05/2019,63,9.9,15.6,17.7,IDH,IDH_20190530
Blue Tit,BLUTI,6,F,26/05/2019,61,9.8,15.8,17.9,IDH,IDH_20190530
Blue Tit,BLUTI,6,F,13/05/2019,63,10.2,16.1,18.2,IDH,IDH_20190530
Blue Tit,BLUTI,5,F,19/05/2019,60,10.1,16.1,18.5,IDH,IDH_20190530
Blue Tit,BLUTI,6,F,15/05/2019,63,10,16.1,18.5,IDH,IDH_20190530
Blue Tit,BLUTI,5,F,17/05/2019,60,9.6,16.2,18.4,IDH,IDH_20190530
Blue Tit,BLUTI,5,F,21/05/2019,62,9.7,16.2,18.8,IDH,IDH_20190530
Blue Tit,BLUTI,6,M,28/05/2019,65,10.1,16.3,18.4,IDH,IDH_20190530
Blue Tit,BLUTI,5,M,27/05/2019,63,9.7,16.4,18.5,IDH,IDH_20190530
Blue Tit,BLUTI,5,F,03/06/2019,61,9.5,16.4,18.6,IDH,IDH_20190530
Blue Tit,BLUTI,5,M,01/06/2019,62,9.5,16.4,18.6,IDH,IDH_20190530
Blue Tit,BLUTI,5,M,24/05/2019,62,9.1,16.4,18.7,IDH,IDH_20190530
Blue Tit,BLUTI,5,F,22/05/2019,62,9.8,16.5,18.9,IDH,IDH_20190530
Blue Tit,BLUTI,5,F,24/05/2019,60,9.4,16.6,18.8,IDH,IDH_20190530
Blue Tit,BLUTI,6,F,30/05/2019,64,11,16.6,19.3,IDH,IDH_20190530
Blue Tit,BLUTI,5,M,30/05/2019,63,10.3,16.7,18.8,IDH,IDH_20190530
Blue Tit,BLUTI,6,M,15/05/2019,65,9.9,16.7,19.2,IDH,IDH_20190530
Blue Tit,BLUTI,5,M,13/05/2019,64,9.9,16.8,19,IDH,IDH_20190530
Blue Tit,BLUTI,5,F,13/05/2019,61,9.7,16.9,18.9,IDH,IDH_20190530
Blue Tit,BLUTI,6,M,03/06/2019,65,10.6,17,19.1,IDH,IDH_20190530
Blue Tit,BLUTI,6,F,27/05/2019,62,9.8,17,19.4,IDH,IDH_20190530
Blue Tit,BLUTI,5,F,30/05/2019,62,9.7,17,19.5,IDH,IDH_20190530
Blue Tit,BLUTI,6,M,15/05/2019,64,9.7,17,19.5,IDH,IDH_20190530
Blue Tit,BLUTI,5,F,03/06/2019,61,9.4,17.1,19.3,IDH,IDH_20190530
Blue Tit,BLUTI,6,M,26/05/2019,65,10.9,17.3,19.5,IDH,IDH_20190530
Blue Tit,BLUTI,6,M,31/05/2019,68,10.1,17.3,19.6,IDH,IDH_20190530
Blue Tit,BLUTI,5,M,03/06/2019,62,9.8,17.4,19.7,IDH,IDH_20190530
Blue Tit,BLUTI,6,F,27/05/2019,62,10.9,17.5,19.9,IDH,IDH_20190530
Blue Tit,BLUTI,5,M,21/05/2019,65,10,17.5,19.9,IDH,IDH_20190530
Blue Tit,BLUTI,6,M,15/05/2019,64,10.6,17.8,20.3,IDH,IDH_20190530
Coal Tit,COATI,5,M,24/05/2019,61,8.1,16.3,18.5,IDH,IDH_20190530
Coal Tit,COATI,6,F,12/05/2019,60,8.7,16.7,18.8,IDH,IDH_20190530
Coal Tit,COATI,5,F,21/05/2019,59,8.4,16.9,19,IDH,IDH_20190530
Coal Tit,COATI,5,F,20/05/2019,60,8.8,17.1,19,IDH,IDH_20190530
Coal Tit,COATI,6,F,17/05/2019,59,9,17.1,19.1,IDH,IDH_20190530
Coal Tit,COATI,6,M,17/05/2019,62,9.2,17.2,19.2,IDH,IDH_20190530
Coal Tit,COATI,5,F,24/05/2019,60,8.2,17.3,19.5,IDH,IDH_20190530
Coal Tit,COATI,6,F,13/05/2019,61,8.6,17.8,20,IDH,IDH_20190530
Coal Tit,COATI,6,F,21/05/2019,60,8.8,18.1,20.3,IDH,IDH_20190530
Coal Tit,COATI,5,M,13/05/2019,61,8.8,18.1,20.3,IDH,IDH_20190530
Coal Tit,COATI,5,M,24/05/2019,62,8.9,18.2,20.3,IDH,IDH_20190530
Great Tit,GRETI,5,F,22/05/2019,71,17.7,19.7,22.4,IDH,IDH_20190530
Great Tit,GRETI,5,F,19/05/2019,74,17.7,20,22.6,IDH,IDH_20190530
Great Tit,GRETI,6,F,19/05/2019,73,17.9,20.1,22.8,IDH,IDH_20190530
Great Tit,GRETI,6,M,19/05/2019,76,18.8,20.2,22.9,IDH,IDH_20190530
Great Tit,GRETI,5,F,22/05/2019,73,17.9,20.5,23.2,IDH,IDH_20190530
Great Tit,GRETI,6,M,23/05/2019,73,18.5,20.5,23.5,IDH,IDH_20190530
Great Tit,GRETI,6,F,23/05/2019,73,17.8,20.7,23.4,IDH,IDH_20190530
Great Tit,GRETI,5,M,19/05/2019,77,19.2,21,23.9,IDH,IDH_20190530
