ring_no,species,code,age,sex,visit_date,location_name,wing,weight,min_t,max_t,ringer,sheet
X962900,Great Tit,GRETI,5,F,08/02/2018,Fforest Ganol,74,17.9,18.3,21.8,JS,Wales_20180406
BV39252,Hawfinch,HAWFI,6,M,09/03/2018,Fforest Ganol,107,,21.9,25.9,MPS,Wales_20180405
Y638207,Great Tit,GRETI,5,F,09/03/2018,Fforest Ganol,72,,19.8,22.6,JS,Wales_20180406
Y638208,Great Tit,GRETI,6,M,09/03/2018,Fforest Ganol,77,,28.2,29,JS,Wales_20180406
Y638211,Great Tit,GRETI,6,M,09/03/2018,Fforest Ganol,76,,19,22.5,MPS,Wales_20180406
Y638215,Great Tit,GRETI,6,M,09/03/2018,Fforest Ganol,73,17.1,20.7,23.5,MPS,Wales_20180406
Y638216,Great Tit,GRETI,6,M,09/03/2018,Fforest Ganol,75,17.6,20.3,24.2,MPS,Wales_20180406
Y638218,Great Tit,GRETI,6,M,09/03/2018,Fforest Ganol,72,15.5,19.2,22.5,JS,Wales_20180406
Y638220,Great Tit,GRETI,5,M,09/03/2018,Fforest Ganol,72,,19.1,22.2,MPS,Wales_20180406
Y638222,Great Tit,GRETI,6,F,09/03/2018,Fforest Ganol,71,20.9,19.8,22.8,JS,Wales_20180406
Y638223,Great Tit,GRETI,5,M,09/03/2018,Fforest Ganol,74,22,20,23.2,JS,Wales_20180406
Y638231,Great Tit,GRETI,5,M,09/03/2018,Fforest Ganol,75,18.6,21.8,24.8,JS,Wales_20180406
Y638226,Great Tit,GRETI,5,M,16/03/2018,Fforest Ganol,74,19.3,20.3,23.6,MPS,Wales_20180406
AYC3090,Chaffinch,CHAFF,5,M,27/03/2018,Distilley Field,84,,18.5,21.2,SB,SB_20180419
AYC3092,Chaffinch,CHAFF,6,M,27/03/2018,Distilley Field,85,17.8,16.3,18.9,SB,SB_20180419
S152135,Chaffinch,CHAFF,6,M,27/03/2018,Distilley Field,90,20.8,18.6,21.9,SB,SB_20180419
LK00719,Blackbird,BLABI,6,M,27/03/2018,Distilley Field,129,87.8,32.8,37.4,SB,SB_20180419
S842769,Chaffinch,CHAFF,6,M,27/03/2018,Distilley Field,88,19.4,19.2,22,SB,SB_20180419
S873648,Chaffinch,CHAFF,6,F,27/03/2018,Distilley Field,86,17.6,18.2,22.8,SB,SB_20180419
D955209,Brambling,BRAMB,5,F,05/04/2018,Fforest Ganol,89,23.1,19.4,21.8,MPS,Wales_20180405
D955210,Brambling,BRAMB,6,M,05/04/2018,Fforest Ganol,90,25.5,18.1,21.3,JS,Wales_20180405
D955212,Chaffinch,CHAFF,4,F,05/04/2018,Fforest Ganol,79,18.7,18,20.5,JS,Wales_20180405
Not Ringed,Chaffinch,CHAFF,4,M,05/04/2018,Fforest Ganol,,,18.1,21.3,JS,Wales_20180405
D955208,Great Tit,GRETI,5,M,05/04/2018,Fforest Ganol,75,18.9,20.7,24.2,JS,Wales_20180405
D955211,Great Tit,GRETI,6,M,05/04/2018,Fforest Ganol,75,14.6,23.1,25.6,MPS,Wales_20180405
D955213,Great Tit,GRETI,6,M,05/04/2018,Fforest Ganol,77,17.5,20.3,23.7,RJF,Wales_20180405
NV58512,Hawfinch,HAWFI,6,F,05/04/2018,Fforest Ganol,105,65,23.1,26.2,MPS,Wales_20180405
NV58518,Hawfinch,HAWFI,6,F,05/04/2018,Fforest Ganol,103,60.3,22,25.9,RJF,Wales_20180405
NV58519,Hawfinch,HAWFI,5,M,05/04/2018,Fforest Ganol,103,63.3,23.4,26.4,RJF,Wales_20180405
NV58520,Hawfinch,HAWFI,6,M,05/04/2018,Fforest Ganol,106,52.9,20.1,22.9,MPS,Wales_20180405
NV58561,Hawfinch,HAWFI,5,M,05/04/2018,Fforest Ganol,102,62.6,20.5,25,JS,Wales_20180405
NV58562,Hawfinch,HAWFI,5,M,05/04/2018,Fforest Ganol,104,54.2,24,26.1,RJF,Wales_20180405
NV58563,Hawfinch,HAWFI,5,F,05/04/2018,Fforest Ganol,102,57.3,22.1,26.2,RJF,Wales_20180405
TL73341,Nuthatch,NUTHA,4,M,05/04/2018,Fforest Ganol,82,21.3,20,21.8,JS,Wales_20180405
ALA899,Wren,WREN,5,U,05/04/2018,Fforest Ganol,47,,18.4,20.3,JS,Wales_20180405
LK00709,Blackbird,BLABI,6,M,12/04/2018,Distilley Field,130,92.2,35.8,40.6,SB,SB_20180419
LK00728,Blackbird,BLABI,5,F,12/04/2018,Distilley Field,127,91.7,35,39.7,SB,SB_20180419
S152839,Blue Tit,BLUTI,6,M,12/04/2018,Distilley Field,66,,17.8,20.3,SB,SB_20180419
AYC3095,Chaffinch,CHAFF,6,F,12/04/2018,Distilley Field,81,20.1,18.5,21.1,SB,SB_20180419
S873680,Blue Tit,BLUTI,5,,12/04/2018,Distilley Field,62,9.8,16.6,19.4,SB,SB_20180419
S842773,Blue Tit,BLUTI,5,,12/04/2018,Distilley Field,63,10.3,16.7,19.4,SB,SB_20180419
LC97911,Blackbird,BLABI,6,F,12/04/2018,Distilley Field,124,103.5,34.1,39,SB,SB_20180419
LK00742,Blackbird,BLABI,6,M,12/04/2018,Distilley Field,128,93.8,34,39.2,SB,SB_20180419
VZ80768,Great Tit,GRETI,5,F,12/04/2018,Distilley Field,70,17.5,19.9,22.2,SB,SB_20180419
VZ80680,Great Tit,GRETI,5,M,12/04/2018,Distilley Field,74,18.5,20.7,23.5,SB,SB_20180419
D955216,Brambling,BRAMB,5,F,12/04/2018,Fforest Ganol,89,19.1,19.7,21,JS,Wales_20180412
D955214,Chaffinch,CHAFF,5,M,12/04/2018,Fforest Ganol,77,18.1,18.2,22.1,JS,Wales_20180412
D955215,Great Tit,GRETI,5,M,12/04/2018,Fforest Ganol,77,18.6,19.9,22.6,JS,Wales_20180412
X962899,Great Tit,GRETI,5,M,12/04/2018,Fforest Ganol,75,18.5,20.4,23.5,JS,Wales_20180412
NV58565,Hawfinch,HAWFI,6,F,12/04/2018,Fforest Ganol,104,50.7,25.5,29.4,JS,Wales_20180412
NV58564,Hawfinch,HAWFI,6,F,12/04/2018,Fforest Ganol,101,55.4,21.5,26,JS,Wales_20180412
X962888,Robin,ROBIN,5,M,12/04/2018,Fforest Ganol,75,19.5,21.9,26,RJF,Wales_20180412
LK00714,Blackbird,BLABI,6,M,20/04/2018,DF,133,91.1,34.2,38.1,ARC,SB_AC_20180424
LK00726,Blackbird,BLABI,6,F,20/04/2018,DF,122,95.8,33.4,38.4,ARC,SB_AC_20180424
S152135,Chaffinch,CHAFF,6,M,20/04/2018,DF,89,20.4,18.5,21,ARC,SB_AC_20180424
VZ72636,Dunnock,DUNNO,6,M,20/04/2018,DF,70,22.1,22.3,23.9,ARC,SB_AC_20180424
JLH563,Wren,WREN,6,,20/04/2018,DF,50,,17.9,19.5,ARC,SB_AC_20180424
AYC3099,Chaffinch,CHAFF,6,F,20/04/2018,DF,79,18.7,17.9,19.7,ARC,SB_AC_20180424
LK00743,Blackbird,BLABI,6,M,20/04/2018,DF,131,95.7,34,38.9,ARC,SB_AC_20180424
AYC3100,Blackcap,BLACA,6,M,20/04/2018,DF,74,15.7,20.3,22.4,ARC,SB_AC_20180424
AYC3101,Blackcap,BLACA,5,M,20/04/2018,DF,74,16.2,20.3,23.6,SB,SB_AC_20180424
AYC3102,Chaffinch,CHAFF,6,F,20/04/2018,DF,83,21.3,18.4,21.1,SB,SB_AC_20180424
S152832,Blue Tit,BLUTI,6,F,20/04/2018,DF,61,11.6,16.8,19.1,SB,SB_AC_20180424
LK00712,Blackbird,BLABI,5,M,20/04/2018,DF,128,94.9,32.9,37.5,SB,SB_AC_20180424
S873526,Robin,ROBIN,6,,20/04/2018,DF,70,19.5,25.2,28,SB,SB_AC_20180424
D895584,Great Tit,GRETI,6,F,20/04/2018,DF,70,20.9,20,23.2,SB,SB_AC_20180424
AFB9209,Chaffinch,CHAFF,6,M,21/04/2018,HQY,89,20.2,18.1,20.7,SB,SB_AC_20180424
S149992,Chaffinch,CHAFF,6,M,21/04/2018,HQY,88,22.4,18.2,20.8,SB,SB_AC_20180424
AFB9726,Robin,ROBIN,6,F,21/04/2018,HQY,74,20.6,26.8,29.9,SB,SB_AC_20180424
LK00744,Blackbird,BLABI,6,M,25/04/2018,DF,131,89.5,34.1,39.1,SB,SB_20180510
LK00745,Blackbird,BLABI,6,F,30/04/2018,DF,126,103,33.6,38.5,SB,SB_20180510
AYC3094,Robin,ROBIN,6,M,30/04/2018,DF,76,18.5,24.6,27.5,SB,SB_20180510
D955208,Great Tit,GRETI,5,M,03/05/2018,FGANOL (Fforest Ganol),76,19.4,20.8,23.1,JS,Wales_20180503
Y638252,Great Tit,GRETI,6,F,03/05/2018,FGANOL (Fforest Ganol),72,20.6,21,24,JS,Wales_20180503
Y638267,Great Tit,GRETI,6,M,03/05/2018,FGANOL (Fforest Ganol),76,18.7,20.5,23.7,JS,Wales_20180503
D955201,Great Tit,GRETI,5,F,03/05/2018,FGANOL (Fforest Ganol),70,21.3,20.1,23,JS,Wales_20180503
X962885,Great Tit,GRETI,6,M,03/05/2018,FGANOL (Fforest Ganol),75,20.7,21,24.1,JS,Wales_20180503
Y638225,Great Tit,GRETI,5,M,03/05/2018,FGANOL (Fforest Ganol),77,,21,23.2,JS,Wales_20180503
X962876,Great Tit,GRETI,6,M,03/05/2018,FGANOL (Fforest Ganol),74,,21.8,23,JS,Wales_20180503
Y638246,Great Tit,GRETI,6,M,03/05/2018,FGANOL (Fforest Ganol),72,19,20.8,23.8,JS,Wales_20180503
D955227,Great Tit,GRETI,6,F,03/05/2018,FGANOL (Fforest Ganol),73,21.4,20.5,22.8,JS,Wales_20180503
D955226,Great Tit,GRETI,5,M,03/05/2018,FGANOL (Fforest Ganol),77,20,20.3,22.7,JS,Wales_20180503
D955225,Great Tit,GRETI,5,M,03/05/2018,FGANOL (Fforest Ganol),75,20.3,20.6,24,JS,Wales_20180503
D955224,Great Tit,GRETI,5,M,03/05/2018,FGANOL (Fforest Ganol),79,,20.1,23.2,JS,Wales_20180503
Y638266,Great Tit,GRETI,6,m,03/05/2018,FGANOL (Fforest Ganol),,,21.1,23.7,RJF,Wales_20180503
NW76596,Hawfinch,HAWFI,6,F,03/05/2018,FGANOL (Fforest Ganol),103,52.3,21.5,25,RJF,Wales_20180503
NV58578,Hawfinch,HAWFI,6,M,03/05/2018,FGANOL (Fforest Ganol),106,56.2,22.4,26.6,RJF,Wales_20180503
NV58577,Hawfinch,HAWFI,6,M,03/05/2018,FGANOL (Fforest Ganol),102,52,22.6,26.3,JS,Wales_20180503
TL10774,Nuthatch,NUTHA,4,M,03/05/2018,FGANOL (Fforest Ganol),87,24.1,19,21.8,JS,Wales_20180503
LK00746,Blackbird,BLABI,6,M,10/05/2018,DF,129,93.6,34.2,38.4,SB,SB_20180510
LH54359,Blackbird,BLABI,5,M,13/05/2018,HQY,125,94.8,34.1,38.9,IDH,SB_20180705
S149774,Blue Tit,BLUTI,5,F,13/05/2018,HQY,62,10.5,16.4,17.8,IDH,SB_20180705
AFB9773,Chaffinch,CHAFF,6,F,13/05/2018,HQY,80,18.6,16.5,17.7,IDH,SB_20180705
AFB9775,Chaffinch,CHAFF,6,M,13/05/2018,HQY,85,19.5,18.5,21.2,IDH,SB_20180705
S812301,Blue Tit,BLUTI,6,,16/05/2018,TMW,59,12.02,16.4,19.6,JS,JS_20180526
S812305,Blue Tit,BLUTI,6,,16/05/2018,TMW,61,,16.1,19.6,JS,JS_20180526
S812306,Blue Tit,BLUTI,5,,16/05/2018,TMR,61,,17,19.9,JS,JS_20180526
S812309,Blue Tit,BLUTI,5,,16/05/2018,TMR,62,,18,20,JS,JS_20180526
S812310,Blue Tit,BLUTI,6,,16/05/2018,TMR,60,,16.6,19.9,JS,JS_20180526
S812313,Blue Tit,BLUTI,6,,16/05/2018,TMB,61,,16.8,19.7,JS,JS_20180526
S812314,Blue Tit,BLUTI,5,,16/05/2018,TMB,61,,17.3,20.4,JS,JS_20180526
S812315,Blue Tit,BLUTI,6,,16/05/2018,TMB,61,,16.8,19.7,JS,JS_20180526
S812316,Blue Tit,BLUTI,5,,16/05/2018,TMB,59,,16.1,18.5,JS,JS_20180526
S812302,Pied Flycatcher,PIEFL,5,F,16/05/2018,TMW,77,,16.7,19.4,JS,JS_20180526
Z788698,Pied Flycatcher,PIEFL,5,F,16/05/2018,TMW,77,,17.6,19.7,JS,JS_20180526
Z788453,Pied Flycatcher,PIEFL,6,F,16/05/2018,TMW,79,,16.9,20.1,JS,JS_20180526
S812303,Pied Flycatcher,PIEFL,6,F,16/05/2018,TMW,78,,17,20.3,JS,JS_20180526
S812304,Pied Flycatcher,PIEFL,6,F,16/05/2018,TMW,76,,17.6,20.1,JS,JS_20180526
Z105078,Pied Flycatcher,PIEFL,6,F,16/05/2018,TMW,78,,18.1,20.5,JS,JS_20180526
Y189551,Pied Flycatcher,PIEFL,6,F,16/05/2018,TMW,76,,17.7,19.9,JS,JS_20180526
S812307,Pied Flycatcher,PIEFL,6,F,16/05/2018,TMW,77,,16.6,18.9,JS,JS_20180526
S812308,Pied Flycatcher,PIEFL,6,F,16/05/2018,TMR,77,,17.2,19.2,JS,JS_20180526
Z788934,Pied Flycatcher,PIEFL,5,F,16/05/2018,TMR,76,,16.4,18.9,JS,JS_20180526
S812311,Pied Flycatcher,PIEFL,6,F,16/05/2018,TMR,75,,17.3,20,JS,JS_20180526
Z788468,Pied Flycatcher,PIEFL,6,F,16/05/2018,TMB,75,,16.4,19.2,JS,JS_20180526
S812312,Pied Flycatcher,PIEFL,6,F,16/05/2018,TMB,76,,16.6,19.7,JS,JS_20180526
S152156,Coal Tit,COATI,6,F,23/05/2018,,60,8.7,17.3,18.7,IDH,IDH_20180822
S152297,Coal Tit,COATI,6,F,23/05/2018,,61,9.3,17.7,19.4,IDH,IDH_20180822
S842209,Coal Tit,COATI,6,M,23/05/2018,,62,8.5,18.3,19.9,IDH,IDH_20180822
S873922,Coal Tit,COATI,5,M,23/05/2018,,60,8.7,17.5,19,IDH,IDH_20180822
S873923,Coal Tit,COATI,6,F,23/05/2018,,60,9,17.6,19.1,IDH,IDH_20180822
S812318,Pied Flycatcher,PIEFL,6,F,23/05/2018,TMW,76,15.51,16.5,19.9,JS,JS_20180526
S812023,Pied Flycatcher,PIEFL,6,F,23/05/2018,TMW,75,15,16.3,19.9,JS,JS_20180526
S812319,Pied Flycatcher,PIEFL,5,F,23/05/2018,TMR,78,16.43,18,20.7,JS,JS_20180526
S812320,Pied Flycatcher,PIEFL,5,F,23/05/2018,TMR,78,15.49,16.5,19.6,JS,JS_20180526
S812321,Pied Flycatcher,PIEFL,6,F,23/05/2018,TMR,76,14.73,16,19.5,JS,JS_20180526
S812322,Pied Flycatcher,PIEFL,5,F,23/05/2018,TMR,76,15.1,16.3,19.3,JS,JS_20180526
S812323,Pied Flycatcher,PIEFL,6,F,23/05/2018,TMR,76,14.12,16.2,19,JS,JS_20180526
S812324,Pied Flycatcher,PIEFL,5,F,23/05/2018,TMR,75,14.76,16.3,18.9,JS,JS_20180526
S812317,Blue Tit,BLUTI,6,,23/05/2018,TMW,64,12.68,16.4,19,JS,JS_20180526
S812325,Pied Flycatcher,PIEFL,5,F,23/05/2018,TMB,72,14.69,16,18.5,JS,JS_20180526
S152790,Coal Tit,COATI,6,M,24/05/2018,,61,8.8,17.2,19,IDH,IDH_20180822
S152414,Great Tit,GRETI,6,M,24/05/2018,KB,72,,21.1,24.1,SB,SB_20180705
AYC3025,Coal Tit,COATI,5,M,25/05/2018,,61,9.3,16.9,18.7,IDH,IDH_20180822
S842478,Coal Tit,COATI,6,F,25/05/2018,,61,8.7,16.9,18.5,IDH,IDH_20180822
S873946,Coal Tit,COATI,5,F,25/05/2018,,60,9.4,17.3,18.8,IDH,IDH_20180822
S873953,Coal Tit,COATI,6,M,25/05/2018,,62,8.8,17.7,19.3,IDH,IDH_20180822
D895797,Great Tit,GRETI,6,F,25/05/2018,,75,17.2,20.4,22.8,IDH,IDH_20180822
D895845,Great Tit,GRETI,6,M,25/05/2018,,79,18.3,19.5,21.6,IDH,IDH_20180822
S152311,Coal Tit,COATI,6,M,26/05/2018,,62,8.7,17.7,18.9,IDH,IDH_20180822
S873969,Coal Tit,COATI,5,F,26/05/2018,,60,8.9,17.7,18.9,IDH,IDH_20180822
VZ72638,Great Tit,GRETI,5,F,26/05/2018,,73,17.7,21.1,24.2,IDH,IDH_20180822
VZ72695,Great Tit,GRETI,5,M,26/05/2018,,74,17.3,21.3,23.8,IDH,IDH_20180822
VZ72696,Great Tit,GRETI,5,F,26/05/2018,,72,16.6,19.5,21.7,IDH,IDH_20180822
Z663016,Great Tit,GRETI,6,M,26/05/2018,,75,19.2,20.6,23.5,IDH,IDH_20180822
S873970,Coal Tit,COATI,5,M,27/05/2018,,63,8.9,17.6,19.5,IDH,IDH_20180822
D534834,Great Tit,GRETI,6,F,27/05/2018,,75,17.9,18.9,21.5,IDH,IDH_20180822
S152121,Great Tit,GRETI,6,M,27/05/2018,,78,18.6,20.7,23.1,IDH,IDH_20180822
VZ72697,Great Tit,GRETI,6,M,27/05/2018,,76,18.1,21,23.8,IDH,IDH_20180822
VZ80787,Great Tit,GRETI,5,F,27/05/2018,,72,16.5,20,22.5,IDH,IDH_20180822
AYC3190,Blue Tit,BLUTI,5,F,27/05/2018,SP,59,9,17,19.6,SB,SB_20180705
S152242,Blue Tit,BLUTI,6,M,27/05/2018,SP,66,9.4,17.5,19.6,SB,SB_20180705
Z663155,Blue Tit,BLUTI,6,M,27/05/2018,GT,65,9.8,17.4,20.8,SB,SB_20180705
D895688,Great Tit,GRETI,6,M,27/05/2018,KB,79,18.6,21.2,24,SB,SB_20180705
S842227,Great Tit,GRETI,6,F,27/05/2018,GT,74,17.6,20.4,23.4,SB,SB_20180705
S873503,Great Tit,GRETI,6,F,27/05/2018,KB,74,17.5,19.8,22.9,SB,SB_20180705
S873985,Coal Tit,COATI,5,F,28/05/2018,,59,8.9,17.7,19.5,IDH,IDH_20180822
S873986,Coal Tit,COATI,6,M,28/05/2018,,61,8.9,17.7,19.6,IDH,IDH_20180822
AYC3191,Blue Tit,BLUTI,5,F,28/05/2018,GT,60,9.6,16.4,19.4,SB,SB_20180705
S842293,Blue Tit,BLUTI,6,F,28/05/2018,GT,62,10.3,16.7,19,SB,SB_20180705
S152861,Great Tit,GRETI,6,M,28/05/2018,KB,77,18.8,21.7,24.5,SB,SB_20180705
VZ80501,Great Tit,GRETI,5,F,28/05/2018,KB,71,16.9,20.5,23.6,SB,SB_20180705
S152929,Blue Tit,BLUTI,6,M,28/05/2018,GT,67,10.9,18.3,21.1,SB,SB_20180705
NZ05506,Great Tit,GRETI,5,M,29/05/2018,,76,16.7,20.3,23,IDH,IDH_20180822
NZ05507,Great Tit,GRETI,5,F,29/05/2018,,70,16.8,19,21.6,IDH,IDH_20180822
AYC3198,Blue Tit,BLUTI,5,F,29/05/2018,DD,60,9.8,16.1,18.7,SB,SB_20180705
S152148,Great Tit,GRETI,6,M,29/05/2018,GT,76,17.3,19.9,22.9,SB,SB_20180705
S873987,Blue Tit,BLUTI,5,F,30/05/2018,,62,9.9,15.7,17.4,IDH,IDH_20180822
S873988,Blue Tit,BLUTI,5,M,30/05/2018,,67,10.3,17.1,19.6,IDH,IDH_20180822
S842420,Coal Tit,COATI,5,F,30/05/2018,,60,9,17.2,19,IDH,IDH_20180822
D895526,Great Tit,GRETI,6,F,30/05/2018,,74,17.5,20.8,23.2,IDH,IDH_20180822
S152683,Great Tit,GRETI,6,M,30/05/2018,,78,17.6,20.9,23.2,IDH,IDH_20180822
D534592,Great Tit,GRETI,6,M,30/05/2018,KB,77,17.6,21,23.5,SB,SB_20180705
VZ80502,Great Tit,GRETI,5,F,30/05/2018,KB,76,18.3,20.5,23.1,SB,SB_20180705
VZ80509,Great Tit,GRETI,5,F,30/05/2018,SP,72,17.3,20.1,22.6,SB,SB_20180705
VZ80833,Great Tit,GRETI,5,M,30/05/2018,SP,74,17.6,20,23.1,SB,SB_20180705
D534838,Great Tit,GRETI,6,F,31/05/2018,,74,17.2,20,22.3,IDH,IDH_20180822
D895909,Great Tit,GRETI,6,M,31/05/2018,,78,18.8,21.4,23.8,IDH,IDH_20180822
NZ05513,Great Tit,GRETI,5,F,31/05/2018,,74,18.6,20.4,23.2,IDH,IDH_20180822
NZ05514,Great Tit,GRETI,5,M,31/05/2018,,76,18.6,21,23.3,IDH,IDH_20180822
NZ05515,Great Tit,GRETI,5,M,31/05/2018,,77,18.9,21.6,24.7,IDH,IDH_20180822
NZ05516,Great Tit,GRETI,5,F,31/05/2018,,73,17.4,19.5,22.3,IDH,IDH_20180822
S842467,Great Tit,GRETI,5,M,31/05/2018,,77,18.7,21.2,24.3,IDH,IDH_20180822
S842472,Great Tit,GRETI,6,F,31/05/2018,,74,16.8,19,21.2,IDH,IDH_20180822
S842541,Great Tit,GRETI,6,M,31/05/2018,GT,77,17.3,21.3,24,SB,SB_20180705
S842542,Great Tit,GRETI,6,F,31/05/2018,GT,75,17.5,20.5,23.5,SB,SB_20180705
VZ80510,Great Tit,GRETI,5,F,31/05/2018,IN,72,17,20.8,23.6,SB,SB_20180705
VZ80511,Great Tit,GRETI,5,M,31/05/2018,IN,76,19.2,21.3,24.2,SB,SB_20180705
S152690,Blue Tit,BLUTI,6,F,01/06/2018,,62,9.5,16.5,18.5,IDH,IDH_20180822
S873994,Blue Tit,BLUTI,6,M,01/06/2018,,67,10.3,16.6,18.8,IDH,IDH_20180822
S873995,Blue Tit,BLUTI,5,F,01/06/2018,,59,8.7,15.4,17.5,IDH,IDH_20180822
S873996,Blue Tit,BLUTI,5,M,01/06/2018,,64,9.4,16.9,18.9,IDH,IDH_20180822
NZ05517,Great Tit,GRETI,5,F,01/06/2018,,72,17.5,19.8,22.6,IDH,IDH_20180822
S842916,Blue Tit,BLUTI,6,F,02/06/2018,,62,10.1,17.2,19.1,IDH,IDH_20180822
D534610,Great Tit,GRETI,6,M,02/06/2018,,77,18.5,21.1,23.8,IDH,IDH_20180822
NZ05523,Great Tit,GRETI,5,M,02/06/2018,,73,17.1,20.8,23.2,IDH,IDH_20180822
S152069,Great Tit,GRETI,6,F,02/06/2018,,74,16.6,20.2,22.4,IDH,IDH_20180822
VZ80793,Great Tit,GRETI,5,F,02/06/2018,,74,17.4,20.5,22.7,IDH,IDH_20180822
,Sand Martin,SANMA,,,02/06/2018,Sellack,105,13.7,10.5,12.8,JS,JS_20180621
,Sand Martin,SANMA,,,02/06/2018,Sellack,104,13.5,11,13.4,JS,JS_20180621
,Sand Martin,SANMA,,,02/06/2018,Sellack,108,13.2,11,13.7,JS,JS_20180621
,Sand Martin,SANMA,,,02/06/2018,Sellack,108,16.3,11.4,14.1,JS,JS_20180621
,Sand Martin,SANMA,,,02/06/2018,Sellack,105,13.4,11.1,12.1,JS,JS_20180621
,Sand Martin,SANMA,,,02/06/2018,Sellack,105,15.1,11.9,14.8,JS,JS_20180621
,Sand Martin,SANMA,,,02/06/2018,Sellack,112,14.7,11,14.7,JS,JS_20180621
,Sand Martin,SANMA,,,02/06/2018,Sellack,108,13.2,10.7,13.2,JS,JS_20180621
,Sand Martin,SANMA,,,02/06/2018,Sellack,108,12.2,10.5,11.7,JS,JS_20180621
,Sand Martin,SANMA,,,02/06/2018,Sellack,104,14,10.2,12,JS,JS_20180621
S152751,Great Tit,GRETI,6,F,02/06/2018,SP,73,17.9,20.2,22.5,SB,SB_20180731
S842414,Great Tit,GRETI,6,M,02/06/2018,KB,76,17.2,22,25.2,SB,SB_20180731
S842446,Great Tit,GRETI,5,M,02/06/2018,KB,75,18.4,21.8,24.7,SB,SB_20180731
VZ80516,Great Tit,GRETI,5,F,02/06/2018,KB,72,16.8,20.9,23.1,SB,SB_20180731
VZ80520,Great Tit,GRETI,5,M,02/06/2018,SP,75,17.9,20.1,23.2,SB,SB_20180731
AYC3207,Blue Tit,BLUTI,5,F,03/06/2018,,63,10,17.3,19.2,IDH,IDH_20180822
S842900,Blue Tit,BLUTI,6,M,03/06/2018,,65,10.5,17.8,19.9,IDH,IDH_20180822
S873997,Blue Tit,BLUTI,5,M,03/06/2018,,64,10.3,17.1,19.5,IDH,IDH_20180822
S873998,Blue Tit,BLUTI,5,F,03/06/2018,,60,9.2,16.1,18.4,IDH,IDH_20180822
S152716,Great Tit,GRETI,6,M,03/06/2018,,77,17.2,20.8,23.2,IDH,IDH_20180822
S842500,Great Tit,GRETI,5,M,03/06/2018,,74,17.3,20.5,22.7,IDH,IDH_20180822
S842652,Great Tit,GRETI,5,F,03/06/2018,,72,17.9,20.6,23,IDH,IDH_20180822
TX52408,Great Tit,GRETI,6,F,03/06/2018,,73,16.1,19.8,22.3,IDH,IDH_20180822
S152334,Great Tit,GRETI,6,F,03/06/2018,KB,73,17.4,20.8,23.6,SB,SB_20180731
NZ05546,Great Tit,GRETI,6,F,04/06/2018,,74,17.8,20.1,22.8,IDH,IDH_20180822
NZ05547,Great Tit,GRETI,6,M,04/06/2018,,77,18,21,23.4,IDH,IDH_20180822
Z663002,Great Tit,GRETI,6,F,04/06/2018,,73,17,20.1,22.3,IDH,IDH_20180822
AYC3200,Blue Tit,BLUTI,5,F,04/06/2018,DD,58,9.7,15.2,17.1,SB,SB_20180731
AYC3453,Blue Tit,BLUTI,5,F,04/06/2018,SP,61,9.1,16.8,19,SB,SB_20180731
AYC3217,Blue Tit,BLUTI,6,F,05/06/2018,,62,10.4,16.8,18.6,IDH,IDH_20180822
S842426,Blue Tit,BLUTI,5,M,05/06/2018,,63,9.8,16.7,19.4,IDH,IDH_20180822
S842653,Blue Tit,BLUTI,5,M,05/06/2018,,63,9.7,17.8,19.8,IDH,IDH_20180822
S873796,Blue Tit,BLUTI,5,F,05/06/2018,,59,9.6,15.8,18.2,IDH,IDH_20180822
NZ05551,Great Tit,GRETI,5,M,05/06/2018,,76,19.3,21.2,23.7,IDH,IDH_20180822
S152379,Great Tit,GRETI,6,M,05/06/2018,,77,17.3,20.9,23.1,IDH,IDH_20180822
S842922,Great Tit,GRETI,6,F,05/06/2018,,75,16.7,20.5,23.1,IDH,IDH_20180822
VZ80798,Great Tit,GRETI,5,F,05/06/2018,,72,18,20.4,22.8,IDH,IDH_20180822
AYC3454,Blue Tit,BLUTI,5,F,05/06/2018,KB,61,9,16.9,19.5,SB,SB_20180731
Z663021,Great Tit,GRETI,6,M,05/06/2018,KB,78,19,21.2,24.7,SB,SB_20180731
Z663022,Great Tit,GRETI,6,F,05/06/2018,KB,72,17.5,20.3,22.8,SB,SB_20180731
AYC3218,Blue Tit,BLUTI,5,F,06/06/2018,,61,9.4,16.3,18,IDH,IDH_20180822
AYC3219,Blue Tit,BLUTI,5,M,06/06/2018,,65,9.8,16.8,18.7,IDH,IDH_20180822
NZ05561,Great Tit,GRETI,5,M,06/06/2018,,76,17.7,20.5,23,IDH,IDH_20180822
NZ05562,Great Tit,GRETI,5,F,06/06/2018,,73,18.3,20.5,23.2,IDH,IDH_20180822
S152682,Great Tit,GRETI,6,M,06/06/2018,,77,18.1,20.8,23,IDH,IDH_20180822
S842872,Great Tit,GRETI,6,F,06/06/2018,,75,16.9,20.7,22.7,IDH,IDH_20180822
AYC3455,Blue Tit,BLUTI,5,M,06/06/2018,KB,64,10.5,17.2,19.8,SB,SB_20180731
AYC3456,Blue Tit,BLUTI,6,F,06/06/2018,GT,61,9.5,16.7,18.8,SB,SB_20180731
S842385,Blue Tit,BLUTI,5,M,06/06/2018,GT,65,10.6,18.3,20.6,SB,SB_20180731
S842454,Great Tit,GRETI,5,M,06/06/2018,KB,76,18.1,22,25.2,SB,SB_20180731
VZ80526,Great Tit,GRETI,5,F,06/06/2018,KB,72,18.5,21.1,24,SB,SB_20180731
AYC3220,Blue Tit,BLUTI,5,F,07/06/2018,,62,10.4,16.7,18.7,IDH,IDH_20180822
S152781,Blue Tit,BLUTI,6,M,07/06/2018,,62,9.6,15.8,18.4,IDH,IDH_20180822
D895675,Great Tit,GRETI,6,M,07/06/2018,,78,17.7,20.4,23,IDH,IDH_20180822
NZ05573,Great Tit,GRETI,5,M,07/06/2018,,74,18.6,21.4,24,IDH,IDH_20180822
NZ05574,Great Tit,GRETI,5,F,07/06/2018,,71,15.5,19.4,21.9,IDH,IDH_20180822
NZ05575,Great Tit,GRETI,6,F,07/06/2018,,75,18.7,20.5,23.3,IDH,IDH_20180822
NZ05576,Great Tit,GRETI,5,M,07/06/2018,,73,17.5,20.4,22.9,IDH,IDH_20180822
S152386,Great Tit,GRETI,6,F,07/06/2018,,74,18.4,20.3,23.3,IDH,IDH_20180822
D534656,Great Tit,GRETI,6,F,07/06/2018,GT,73,16.9,20.6,23.1,SB,SB_20180731
D534657,Great Tit,GRETI,6,M,07/06/2018,GT,77,18.1,22,25.1,SB,SB_20180731
D895687,Great Tit,GRETI,6,M,07/06/2018,KB,78,17.6,21.5,24.4,SB,SB_20180731
S152001,Great Tit,GRETI,6,F,07/06/2018,KB,72,16.4,20.1,23,SB,SB_20180731
S842706,Great Tit,GRETI,6,M,07/06/2018,PT,77,17.2,19.8,23,SB,SB_20180731
S873501,Great Tit,GRETI,6,M,07/06/2018,GT,77,19.4,21.3,24.9,SB,SB_20180731
S873502,Great Tit,GRETI,6,F,07/06/2018,GT,73,17.4,20.5,23.2,SB,SB_20180731
VZ80532,Great Tit,GRETI,5,F,07/06/2018,PT,70,17.4,19.9,23.2,SB,SB_20180731
AYC3221,Blue Tit,BLUTI,5,F,08/06/2018,,61,9,14.8,16.3,IDH,IDH_20180822
D895508,Blue Tit,BLUTI,6,M,08/06/2018,,65,9.6,17.7,20,IDH,IDH_20180822
S152676,Blue Tit,BLUTI,6,F,08/06/2018,,64,10.6,16.3,18.9,IDH,IDH_20180822
D534574,Great Tit,GRETI,6,M,08/06/2018,,76,17.7,21.1,23.5,IDH,IDH_20180822
S152309,Great Tit,GRETI,6,M,08/06/2018,,74,17.2,20.7,23.1,IDH,IDH_20180822
S842393,Great Tit,GRETI,5,F,08/06/2018,,72,16.5,20,22.3,IDH,IDH_20180822
S842434,Great Tit,GRETI,5,F,08/06/2018,,73,17.9,19.8,22.5,IDH,IDH_20180822
AYC3471,Blue Tit,BLUTI,5,F,08/06/2018,SP,61,10,17,19.8,SB,SB_20180731
AYC3472,Blue Tit,BLUTI,5,M,08/06/2018,SP,65,10,17.1,19.7,SB,SB_20180731
AYC3237,Blue Tit,BLUTI,6,F,09/06/2018,,61,9.9,16.8,18.9,IDH,IDH_20180822
AYC3238,Blue Tit,BLUTI,5,M,09/06/2018,,65,10.2,16.3,18.7,IDH,IDH_20180822
NZ05586,Great Tit,GRETI,5,F,09/06/2018,,73,17.2,20.3,22.9,IDH,IDH_20180822
NZ05587,Great Tit,GRETI,5,M,09/06/2018,,74,17,19.5,22.2,IDH,IDH_20180822
NZ05588,Great Tit,GRETI,5,F,09/06/2018,,73,16.8,19.6,22.1,IDH,IDH_20180822
S842294,Great Tit,GRETI,6,M,09/06/2018,,77,18.6,20.7,23.2,IDH,IDH_20180822
VZ72686,Great Tit,GRETI,5,F,09/06/2018,,72,17.5,20.1,22.9,IDH,IDH_20180822
D895527,Great Tit,GRETI,6,M,09/06/2018,KB,77,17.9,21.8,24.8,SB,SB_20180731
S152755,Great Tit,GRETI,6,F,09/06/2018,SP,74,15.8,18.9,21.9,SB,SB_20180731
TH99116,Great Tit,GRETI,6,M,09/06/2018,SP,78,,19.6,22.4,SB,SB_20180731
Z663182,Great Tit,GRETI,6,F,09/06/2018,GT,72,16.7,20.7,23.6,SB,SB_20180731
NZ05589,Great Tit,GRETI,5,M,10/06/2018,,78,17.9,20.4,23.2,IDH,IDH_20180822
NZ05594,Great Tit,GRETI,5,F,10/06/2018,,71,17.3,19.6,22.2,IDH,IDH_20180822
NZ05595,Great Tit,GRETI,5,M,10/06/2018,,75,17.6,21.5,24.2,IDH,IDH_20180822
NZ05596,Great Tit,GRETI,5,F,10/06/2018,,71,17,20.2,22.8,IDH,IDH_20180822
NZ05597,Great Tit,GRETI,5,M,10/06/2018,,76,18.7,21.1,23.9,IDH,IDH_20180822
D534813,Blue Tit,BLUTI,6,M,10/06/2018,SP,66,10,16.9,19.4,SB,SB_20180731
D895528,Great Tit,GRETI,6,F,10/06/2018,KB,72,17.7,21,24.2,SB,SB_20180731
S873612,Blue Tit,BLUTI,5,F,12/06/2018,,61,8.9,15.7,17.8,IDH,IDH_20180822
S873668,Blue Tit,BLUTI,5,M,12/06/2018,,64,9.6,16.9,19,IDH,IDH_20180822
NZ05802,Great Tit,GRETI,5,F,12/06/2018,,73,17,20,22.9,IDH,IDH_20180822
S152659,Blue Tit,BLUTI,6,F,12/06/2018,SP,63,10.2,17.5,19.8,SB,SB_20180731
D895555,Great Tit,GRETI,6,F,13/06/2018,,74,17.5,20.5,23.3,IDH,IDH_20180822
D895556,Great Tit,GRETI,6,M,13/06/2018,,76,17.9,20.5,23.1,IDH,IDH_20180822
AYC3483,Blue Tit,BLUTI,5,F,13/06/2018,KB,60,9.6,16.6,19.1,SB,SB_20180731
S842382,Blue Tit,BLUTI,5,M,13/06/2018,KB,59,9.6,16.8,19.4,SB,SB_20180731
S152754,Great Tit,GRETI,6,F,13/06/2018,KB,73,16.2,20.5,23.4,SB,SB_20180731
S114936,Great Tit,GRETI,6,M,14/06/2018,DD,77,16.9,20,23,SB,SB_20180731
S152234,Great Tit,GRETI,6,F,14/06/2018,DD,71,18.3,20.9,24,SB,SB_20180731
Z663124,Great Tit,GRETI,6,M,14/06/2018,KB,75,17.4,21.5,24.5,SB,SB_20180731
D895744,Great Tit,GRETI,6,F,15/06/2018,,73,17.1,20.6,23.3,IDH,IDH_20180822
VZ72641,Great Tit,GRETI,5,M,15/06/2018,,76,18.1,21.4,24.2,IDH,IDH_20180822
VZ80794,Great Tit,GRETI,5,M,15/06/2018,,74,16,20.5,23.2,IDH,IDH_20180822
VZ80797,Great Tit,GRETI,5,F,15/06/2018,,71,16.1,19.1,21.7,IDH,IDH_20180822
A057192,Blue Tit,BLUTI,6,F,15/06/2018,DD,61,9.6,16.2,18.7,SB,SB_20180731
AYC3489,Blue Tit,BLUTI,5,F,15/06/2018,KB,61,9.8,16.5,19.1,SB,SB_20180731
S152235,Blue Tit,BLUTI,6,M,15/06/2018,DD,65,9.9,17.3,19.8,SB,SB_20180731
S152848,Blue Tit,BLUTI,6,M,15/06/2018,KB,63,10.2,16.8,19.7,SB,SB_20180731
S152775,Great Tit,GRETI,6,F,18/06/2018,,75,17.6,20.1,22.3,IDH,IDH_20180822
Z663159,Great Tit,GRETI,6,M,19/06/2018,KB,78,17.4,21.1,23.9,SB,SB_20180731
S812479,Pied Flycatcher,PIEFL,5,F,20/06/2018,TMW,75,,15.3,18.5,JS,JS_20180621
S812480,Pied Flycatcher,PIEFL,5,F,20/06/2018,TMW,76,,16.6,19,JS,JS_20180621
Z621802,Pied Flycatcher,PIEFL,6,F,20/06/2018,TMW,76,,16.5,19.3,JS,JS_20180621
S812489,Pied Flycatcher,PIEFL,5,F,20/06/2018,TMR,77,,17.8,20,JS,JS_20180621
S812490,Pied Flycatcher,PIEFL,5,F,20/06/2018,TMB,76,,17.5,19.9,JS,JS_20180621
L739135,Great Tit,GRETI,6,F,20/06/2018,KB,75,16.3,21.3,24.2,SB,SB_20180731
VZ72639,Great Tit,GRETI,5,F,21/06/2018,DW,71,15.9,20,22.9,SB,SB_20180731
VZ80577,Great Tit,GRETI,5,M,21/06/2018,DW,75,18.3,21,23.8,SB,SB_20180731
VZ80583,Great Tit,GRETI,5,M,21/06/2018,PT,76,17.8,21,24.1,SB,SB_20180731
AYC3490,Robin,ROBIN,3J,,25/06/2018,DF,69,17.5,26.1,29,SB,SB_20180731
LK00750,Blackbird,BLABI,6,M,28/06/2018,DF,134,94,33.6,38.8,SB,SB_20180731
S873565,Blue Tit,BLUTI,6,F,28/06/2018,DF,62,10.5,17,19.2,SB,SB_20180731
LH54384,Blackbird,BLABI,3J,,14/07/2018,FORC,126,95.1,34.5,38.6,ARC,SB_20180808
LH54394,Blackbird,BLABI,3J,M,14/07/2018,FORC,123,81,30.7,34.4,ARC,SB_20180808
LH54395,Blackbird,BLABI,3J,,14/07/2018,FORC,120,75.6,33.4,37.5,ARC,SB_20180808
LH54396,Blackbird,BLABI,3J,M,14/07/2018,FORC,128,91.9,34.6,38.9,ARC,SB_20180808
LH54397,Blackbird,BLABI,3J,,14/07/2018,FORC,124,91.2,34,38,ARC,SB_20180808
AFB9822,Blue Tit,BLUTI,3J,,14/07/2018,FORC,62,10,15.7,17.6,ARC,SB_20180808
AFB9820,Great Tit,GRETI,3J,,14/07/2018,FORC,74,18.3,20.5,23.5,ARC,SB_20180808
AFB9821,Great Tit,GRETI,3J,,14/07/2018,FORC,75,15.2,20.9,23.3,ARC,SB_20180808
LH54399,Blackbird,BLABI,3J,M,16/07/2018,SOM,127,88.1,33.4,38.5,SB,SB_20180808
LK00720,Blackbird,BLABI,4,F,19/07/2018,DF,,88.3,32.3,37.2,SB,SB_20180808
LH54364,Blackbird,BLABI,5,M,20/07/2018,SOM,,101.1,33.6,38.4,SB,SB_20180808
AFB9824,Chaffinch,CHAFF,3J,,20/07/2018,SOM,85,19.4,18,21,SB,SB_20180808
AFB9825,Chaffinch,CHAFF,3J,,20/07/2018,SOM,81,17,18.2,20.8,SB,SB_20180808
LH54402,Blackbird,BLABI,3J,M,22/07/2018,FORC,127,85.5,35.2,40,SB,SB_20180808
LH54403,Blackbird,BLABI,3J,,22/07/2018,FORC,123,86.9,34.3,38.4,SB,SB_20180808
LH54404,Blackbird,BLABI,3J,,22/07/2018,FORC,128,93.3,34.9,39,SB,SB_20180808
LH54405,Blackbird,BLABI,3J,,22/07/2018,FORC,130,82.4,34.2,38.8,SB,SB_20180808
LH54406,Blackbird,BLABI,3J,,22/07/2018,FORC,126,93.5,34.4,39.4,SB,SB_20180808
LH54407,Blackbird,BLABI,3J,,22/07/2018,FORC,126,85.1,35,39.5,SB,SB_20180808
LH54408,Blackbird,BLABI,3J,,22/07/2018,FORC,125,91.6,34,38.3,SB,SB_20180808
LH54409,Blackbird,BLABI,3J,M,22/07/2018,FORC,126,87.2,34.2,39,SB,SB_20180808
LH54410,Blackbird,BLABI,3J,M,22/07/2018,FORC,130,88.3,33.9,38.6,SB,SB_20180808
LH54411,Blackbird,BLABI,3J,,22/07/2018,FORC,125,89.9,35,39.7,SB,SB_20180808
AFB9832,Blue Tit,BLUTI,3J,,22/07/2018,FORC,62,10,17.6,20,SB,SB_20180808
AFB9833,Blue Tit,BLUTI,4,,22/07/2018,FORC,,9.8,16.4,19.1,SB,SB_20180808
AFB9837,Blue Tit,BLUTI,3J,,22/07/2018,FORC,62,9.4,16.9,18.9,SB,SB_20180808
AFB9840,Chaffinch,CHAFF,3J,,22/07/2018,FORC,85,20.7,18,20.5,SB,SB_20180808
AFB9843,Chaffinch,CHAFF,3J,,22/07/2018,FORC,78,17.6,18.5,21.2,SB,SB_20180808
AFB9848,Chaffinch,CHAFF,3J,,22/07/2018,FORC,80,18.6,18,20.9,SB,SB_20180808
AFB9831,Great Tit,GRETI,5,M,22/07/2018,FORC,75,18.3,20.5,23.4,SB,SB_20180808
AFB9834,Great Tit,GRETI,3J,,22/07/2018,FORC,76,17,20.6,23.5,SB,SB_20180808
AFB9835,Great Tit,GRETI,3J,,22/07/2018,FORC,75,16.3,20.7,23.7,SB,SB_20180808
AFB9836,Great Tit,GRETI,3J,,22/07/2018,FORC,71,15.1,19.6,22.3,SB,SB_20180808
AFB9839,Great Tit,GRETI,3J,,22/07/2018,FORC,72,15.9,19.2,22.1,SB,SB_20180808
AFB9841,Great Tit,GRETI,3J,,22/07/2018,FORC,79,18.2,21.2,23.9,SB,SB_20180808
AFB9842,Great Tit,GRETI,3J,,22/07/2018,FORC,71,15.7,19.3,22.1,SB,SB_20180808
AFB9844,Great Tit,GRETI,3J,,22/07/2018,FORC,74,16.4,21.5,24.5,SB,SB_20180808
AYC3303,Blue Tit,BLUTI,3J,,23/07/2018,DF,64,9.8,16.8,19.1,SB,SB_20180808
AYC3304,Blue Tit,BLUTI,3J,,23/07/2018,DF,62,9.6,16.1,18.5,SB,SB_20180808
VZ80593,Great Tit,GRETI,3J,,23/07/2018,DF,73,18.8,20.8,23.8,SB,SB_20180808
AYC3305,Robin,ROBIN,3J,,23/07/2018,DF,74,19.9,26.9,29.6,SB,SB_20180808
LK00711,Blackbird,BLABI,4,F,31/07/2018,DF,,94.7,34.3,38.2,SB,SB_20180808
LK05051,Blackbird,BLABI,4,M,31/07/2018,DF,,96.4,35.8,40.5,SB,SB_20180808
AYC3309,Robin,ROBIN,3,,31/07/2018,DF,71,17.4,25.2,28.2,SB,SB_20180808
AYC3312,Robin,ROBIN,3J,,02/08/2018,DF,74,18.5,26.3,29.1,SB,SB_20180808
LK05052,Blackbird,BLABI,4,M,07/08/2018,DF,,95.4,33.4,38.3,SB,SB_20180808
AYC3196,Blue Tit,BLUTI,3J,,07/08/2018,DF,62,10.4,17,19.7,SB,SB_20180808
AYC3315,Blue Tit,BLUTI,3J,,07/08/2018,DF,61,9.8,16.9,19.2,SB,SB_20180808
VZ80594,Great Tit,GRETI,3J,,07/08/2018,DF,71,18.7,20.4,23.3,SB,SB_20180808
S873543,Robin,ROBIN,4,,07/08/2018,DF,,19.6,25.2,28.2,SB,SB_20180808
LK00744,Blackbird,BLABI,4,M,09/08/2018,DF,,94.9,34.3,39.7,SB,SB_20180808
AYC3318,Blue Tit,BLUTI,3,,09/08/2018,DF,60,10.4,17.5,19.2,SB,SB_20180808
AYC3320,Blue Tit,BLUTI,3J,,09/08/2018,DF,61,9.8,16.6,19,SB,SB_20180808
AYC3319,Robin,ROBIN,3,,09/08/2018,DF,71,16,25.7,28.6,SB,SB_20180808
S873802,Robin,ROBIN,4,,09/08/2018,DF,75,20.6,24.5,27.7,SB,SB_20180808
LH54412,Blackbird,BLABI,4,M,10/08/2018,CKM,,98.7,35.3,40,SB,SB_20180808
AFB9852,Blue Tit,BLUTI,4,,10/08/2018,CKM,62,10.7,16.6,18.9,SB,SB_20180808
AFB9853,Blue Tit,BLUTI,3J,,10/08/2018,CKM,63,11.1,16.9,19.1,SB,SB_20180808
AFB9849,Robin,ROBIN,4,,10/08/2018,CKM,74,20.4,25.8,29,SB,SB_20180808
AFB9850,Robin,ROBIN,3J,,10/08/2018,CKM,69,17.9,24.6,27.7,SB,SB_20180808
AFB9851,Robin,ROBIN,4,,10/08/2018,CKM,73,20.5,25.6,28.7,SB,SB_20180808
AFB9859,Chaffinch,CHAFF,3J,M,13/08/2018,SOM,88,22,19.6,22.5,SB,SB_20180808
AYC3493,Robin,ROBIN,3,,14/08/2018,DF,75,18.5,26,28.8,SB,SB_20180808
AFB9861,Blue Tit,BLUTI,4,,18/08/2018,CKM,,10,17,19.7,SB,SB_20180808
AFB9864,Blue Tit,BLUTI,4,,18/08/2018,CKM,,9.8,16.5,18.5,SB,SB_20180808
AFB9865,Blue Tit,BLUTI,3J,,18/08/2018,CKM,62,10,17.3,19.7,SB,SB_20180808
AFB9868,Blue Tit,BLUTI,5,,18/08/2018,CKM,,10.7,16.1,18.4,SB,SB_20180808
AFB9867,Great Tit,GRETI,4,F,18/08/2018,CKM,74,16.6,19,21.6,SB,SB_20180808
AFB9860,Robin,ROBIN,3,,18/08/2018,CKM,74,19,24.7,27.7,SB,SB_20180808
LK32022,Blackbird,BLABI,3J,M,21/08/2018,CCBO,127,106.4,35.7,40.4,SB,SB_20180808
AVA4599,Blue Tit,BLUTI,3J,,21/08/2018,CCBO,63,11.2,17.4,19.4,SB,SB_20180808
AVA4596,Great Tit,GRETI,3J,,21/08/2018,CCBO,73,20.4,21.5,24.4,SB,SB_20180808
AVA4604,Robin,ROBIN,3J,,21/08/2018,CCBO,72,19.1,26.8,29.7,SB,SB_20180808
AVA4610,Robin,ROBIN,3J,,21/08/2018,CCBO,75,20.1,26.5,29.6,SB,SB_20180808
AVA4611,Robin,ROBIN,3,,21/08/2018,CCBO,70,18.6,25.9,29,SB,SB_20180808
AVA4612,Robin,ROBIN,3J,,21/08/2018,CCBO,71,17.7,25.3,28.1,SB,SB_20180808
1B13946,Blackbird,BLABI,3,M,22/08/2018,Spain,127,84.1,33.21,37.89,IDH,IDH_20180822
2KA12508,Blackcap,BLACA,3,F,22/08/2018,Spain,,,21.12,23.63,IDH,IDH_20180822
2KA12539,Blackcap,BLACA,3,M,22/08/2018,Spain,,,19.11,21.36,IDH,IDH_20180822
2KA12548,Blackcap,BLACA,3,M,22/08/2018,Spain,,,20.47,22.36,IDH,IDH_20180822
2KA12551,Blackcap,BLACA,3,M,22/08/2018,Spain,,,20.56,23.51,IDH,IDH_20180822
2KA12552,Blackcap,BLACA,3,U,22/08/2018,Spain,,,20.07,22.28,IDH,IDH_20180822
2KA12553,Blackcap,BLACA,3,M,22/08/2018,Spain,,,20,22.69,IDH,IDH_20180822
2KA12558,Blackcap,BLACA,3,M,22/08/2018,Spain,,,20.13,22.69,IDH,IDH_20180822
1KA64800,Blue Tit,BLUTI,4,U,22/08/2018,Spain,,,17.05,19.45,IDH,IDH_20180822
2Y86311,Blue Tit,BLUTI,4,U,22/08/2018,Spain,,,16.84,18.93,IDH,IDH_20180822
2KA12491,Cettis Warbler,CETWA,4,M,22/08/2018,Spain,,,21.11,24.04,IDH,IDH_20180822
2KA12547,Garden Warbler,GARWA,3,U,22/08/2018,Spain,,,20.8,23.48,IDH,IDH_20180822
2KA12549,Garden Warbler,GARWA,3,U,22/08/2018,Spain,,,21.09,24.24,IDH,IDH_20180822
2KA12550,Garden Warbler,GARWA,3,U,22/08/2018,Spain,,,20.49,22.53,IDH,IDH_20180822
2KA12557,Garden Warbler,GARWA,4,U,22/08/2018,Spain,,,20.44,23.5,IDH,IDH_20180822
2Z03752,Iberian Chiffchaff,IBECH,3,F,22/08/2018,Spain,,,18.67,20.62,IDH,IDH_20180822
2Z03754,Iberian Chiffchaff,IBECH,3,F,22/08/2018,Spain,,,19.64,21.32,IDH,IDH_20180822
2Z03756,Iberian Chiffchaff,IBECH,3,M,22/08/2018,Spain,,,20.12,21.99,IDH,IDH_20180822
2Y89441,Melodious Warbler,MELWA,3,U,22/08/2018,Spain,,,19.16,21.1,IDH,IDH_20180822
2Z03755,Pied Flycatcher,PIEFL,3,U,22/08/2018,Spain,,,17.33,18.7,IDH,IDH_20180822
2Y86323,Robin,ROBIN,4,U,22/08/2018,Spain,,,25.66,28.26,IDH,IDH_20180822
2Y86395,Robin,ROBIN,3,U,22/08/2018,Spain,,,26.13,28.23,IDH,IDH_20180822
2Y89420,Robin,ROBIN,3,U,22/08/2018,Spain,,,25.17,27.6,IDH,IDH_20180822
2Y89437,Robin,ROBIN,3,U,22/08/2018,Spain,,,25.51,27.9,IDH,IDH_20180822
2Y89438,Robin,ROBIN,3,U,22/08/2018,Spain,,,25.28,27.78,IDH,IDH_20180822
2Y89439,Robin,ROBIN,3,U,22/08/2018,Spain,,,26.29,28.64,IDH,IDH_20180822
2Y89440,Robin,ROBIN,3,U,22/08/2018,Spain,,,25.87,28.53,IDH,IDH_20180822
2Y89442,Robin,ROBIN,3,U,22/08/2018,Spain,,,23.95,26.19,IDH,IDH_20180822
2Z03753,Willow Warbler,WILWA,4,U,22/08/2018,Spain,,,17.98,20.03,IDH,IDH_20180822
LK32025,Blackbird,BLABI,3J,F,22/08/2018,CCBO,126,93,33.5,38.4,SB,SB_20180808
AVA4615,Blue Tit,BLUTI,3J,,22/08/2018,CCBO,60,10.2,15.7,18.2,SB,SB_20180808
AVA4597,Blue Tit,BLUTI,3J,,22/08/2018,CCBO,61,,17,19.6,SB,SB_20180808
AVA4598,Blue Tit,BLUTI,3J,,22/08/2018,CCBO,60,10.3,17.1,19.6,SB,SB_20180808
AVA4616,Blue Tit,BLUTI,3J,,22/08/2018,CCBO,61,10.6,16.2,18.7,SB,SB_20180808
AVA4617,Robin,ROBIN,3,,22/08/2018,CCBO,71,17.5,25.3,28.4,SB,SB_20180808
AVA4618,Robin,ROBIN,3,,22/08/2018,CCBO,72,18.7,25.4,28.7,SB,SB_20180808
LH54413,Blackbird,BLABI,4,F,25/08/2018,CKM,,99,35.2,40.2,SB,SB_20180808
AFB9876,Blue Tit,BLUTI,4,,25/08/2018,CKM,62,10.3,16.4,19,SB,SB_20180808
AFB9879,Blue Tit,BLUTI,3J,,25/08/2018,CKM,63,10.7,16.6,19.4,SB,SB_20180808
AFB9881,Great Tit,GRETI,4,M,25/08/2018,CKM,76,17,19.9,23,SB,SB_20180808
AFB9869,Robin,ROBIN,3,,25/08/2018,CKM,73,16.7,25.7,28.5,SB,SB_20180808
AFB9851,Robin,ROBIN,4,,25/08/2018,CKM,73,18.4,25.5,28.4,SB,SB_20180808
AFB9878,Robin,ROBIN,3,,25/08/2018,CKM,70,17.4,26,29,SB,SB_20180808
AYC3325,Blue Tit,BLUTI,3J,,27/08/2018,DF,62,10.2,16.7,19.6,SB,SB_20180808
S152872,Great Tit,GRETI,4,M,27/08/2018,DF,78,19.3,19.8,22.9,SB,SB_20180808
LH54414,Blackbird,BLABI,4,M,16/09/2018,FORC,132,89,33.6,38.2,SB,SB_20180907
AFB9884,Blue Tit,BLUTI,3J,,16/09/2018,FORC,61,,17,19.6,SB,SB_20180907
AFB9885,Great Tit,GRETI,3,F,16/09/2018,FORC,72,18.5,22.7,19.6,SB,SB_20180907
AFB9886,Robin,ROBIN,3J,,16/09/2018,FORC,71,19.9,26.8,30.1,SB,SB_20180907
AFB9887,Robin,ROBIN,4,,16/09/2018,FORC,74,17.2,25,27.4,SB,SB_20180907
AFB9911,Robin,ROBIN,4,,16/09/2018,FORC,76,17.7,26.1,29,SB,SB_20180907
AFB9912,Great Tit,GRETI,3,F,16/09/2018,FORC,72,17,20.2,22.9,SB,SB_20180907
AFB9913,Blue Tit,BLUTI,3,,16/09/2018,FORC,64,11.1,17.5,20,SB,SB_20180907
AFB9918,Great Tit,GRETI,3J,,16/09/2018,FORC,75,20.7,20.1,22.7,SB,SB_20180907
AFB9919,Great Tit,GRETI,4,F,16/09/2018,FORC,,18.1,20,23,SB,SB_20180907
AFB9920,Great Tit,GRETI,3,F,16/09/2018,FORC,73,18.4,19.9,22.9,SB,SB_20180907
AFB9922,Great Tit,GRETI,3,M,16/09/2018,FORC,77,18.6,22.1,25,SB,SB_20180907
AFB9923,Robin,ROBIN,4,,16/09/2018,FORC,72,18.6,27.6,30.5,SB,SB_20180907
AFB9925,Blue Tit,BLUTI,3J,,16/09/2018,FORC,66,10.9,17.8,20.3,SB,SB_20180907
AFB9926,Blue Tit,BLUTI,3J,,16/09/2018,FORC,64,10.1,17.2,19.7,SB,SB_20180907
AFB9927,Blue Tit,BLUTI,3J,,16/09/2018,FORC,59,9.6,17.4,20,SB,SB_20180907
AFB9928,Blue Tit,BLUTI,3J,,16/09/2018,FORC,63,11.2,17.2,19.9,SB,SB_20180907
AFB9929,Blue Tit,BLUTI,3J,,16/09/2018,FORC,64,11.2,16.8,19.3,SB,SB_20180907
AYC3328,Blue Tit,BLUTI,3,,24/09/2018,BP,61,9.2,16.2,18.4,SB,SB_20181008
AYC3331,Blue Tit,BLUTI,3J,,24/09/2018,BP,63,10.9,17,20,SB,SB_20181008
AYC3338,Blue Tit,BLUTI,3J,,24/09/2018,BP,63,10.8,17.4,20.6,SB,SB_20181008
AYC3344,Blue Tit,BLUTI,3,,24/09/2018,BP,61,9.4,16,19.1,SB,SB_20181008
D534574,Great Tit,GRETI,4,M,24/09/2018,BP,76,18.5,21,24,SB,SB_20181008
S842393,Great Tit,GRETI,4,F,24/09/2018,BP,73,17.3,19.9,23.2,SB,SB_20181008
AYC3354,Robin,ROBIN,3,,25/09/2018,CB,71,17.4,26.3,28.9,SB,SB_20181008
AYC3357,Blue Tit,BLUTI,4,,25/09/2018,CB,62,10.9,16.8,19.2,SB,SB_20181008
AYC3359,Robin,ROBIN,3,,25/09/2018,CB,73,18.6,25.7,28.1,SB,SB_20181008
S873997,Blue Tit,BLUTI,4,,25/09/2018,CB,65,11.6,17.4,19.8,SB,SB_20181016
S873998,Blue Tit,BLUTI,4,,25/09/2018,CB,61,9.4,16.4,18.6,SB,SB_20181016
VZ80599,Great Tit,GRETI,4,M,25/09/2018,CB,74,18.3,21,24,SB,SB_20181016
AYC3374,Blue Tit,BLUTI,3,,26/09/2018,KB,61,10.4,16.6,19.2,SB,SB_20181016
S842727,Blue Tit,BLUTI,4,,26/09/2018,KB,63,11,17.7,20.8,SB,SB_20181016
VZ80523,Great Tit,GRETI,3,F,26/09/2018,KB,70,17,19,21.6,SB,SB_20181022
VZ80600,Great Tit,GRETI,3,M,26/09/2018,KB,77,19.3,20.6,23.6,SB,SB_20181023
VZ80638,Great Tit,GRETI,4,F,26/09/2018,KB,72,17.4,20.7,23.9,SB,SB_20181024
VZ80985,Great Tit,GRETI,3,F,26/09/2018,KB,71,17.1,19.9,22.7,SB,SB_20181025
VZ80986,Great Tit,GRETI,3,F,26/09/2018,KB,74,18.2,20.1,23.4,SB,SB_20181025
ALA900,Chiffchaff,CHIFF,3,,27/09/2018,Pontcanna Riding Stables,56,6.8,18.7,20,ARC,RJF_20180929
Y638701,Robin,ROBIN,3,,27/09/2018,Pontcanna Riding Stables,72,16,25.6,27.4,ARC,RJF_20180929
Y638702,Robin,ROBIN,3,,27/09/2018,Pontcanna Riding Stables,73,17.7,24.7,27.3,ARC,RJF_20180929
Y638703,Robin,ROBIN,3,,27/09/2018,Pontcanna Riding Stables,72,17,26,28.5,ARC,RJF_20180929
Y638704,Robin,ROBIN,4,,27/09/2018,Pontcanna Riding Stables,74,17.1,25.7,27.5,ARC,RJF_20180929
Y638705,Great Tit,GRETI,4,,27/09/2018,Pontcanna Riding Stables,74,17.1,19.6,21.2,ARC,RJF_20180929
AYC3378,Chaffinch,CHAFF,4,F,27/09/2018,DW,81,20.9,18.4,21,SB,SB_20181025
AYC3383,Blue Tit,BLUTI,3J,,27/09/2018,DW,61,10.1,16.5,19,SB,SB_20181025
AYC3384,Blue Tit,BLUTI,3J,,27/09/2018,DW,65,11.5,17.8,20.7,SB,SB_20181025
VZ80987,Great Tit,GRETI,3,M,27/09/2018,DW,73,18.8,21.4,23.8,SB,SB_20181025
VZ80988,Great Tit,GRETI,3,M,27/09/2018,DW,75,19.8,21.7,25,SB,SB_20181025
VZ80989,Great Tit,GRETI,4,F,27/09/2018,DW,73,16.2,20,22.9,SB,SB_20181025
VZ80990,Great Tit,GRETI,4,M,27/09/2018,DW,78,18.1,21.1,24.1,SB,SB_20181025
VZ80991,Great Tit,GRETI,3,F,27/09/2018,DW,70,17.4,20.4,23.2,SB,SB_20181025
VZ80992,Great Tit,GRETI,3,F,27/09/2018,DW,73,19.8,20.3,23.2,SB,SB_20181025
VZ80993,Great Tit,GRETI,3,F,27/09/2018,DW,72,17.3,20.3,23.1,SB,SB_20181025
VZ80994,Great Tit,GRETI,3,F,27/09/2018,DW,72,18.1,19.9,22.9,SB,SB_20181025
-,Chaffinch,CHAFF,3,F,29/09/2018,Crockernwell,83,20.7,18.1,19.6,RJF,RJF_20180929
DXC501,Chiffchaff,CHIFF,3,,29/09/2018,Crockernwell,61,7.7,20.6,21.9,RJF,RJF_20180929
TL73372,Dunnock,DUNNO,4,,29/09/2018,Crockernwell,69,20.5,20.7,23.4,RJF,RJF_20180929
TL73374,House Sparrow,HOUSP,4,M,29/09/2018,Crockernwell,76,26.4,19.6,20.5,RJF,RJF_20180929
Y638706,Coal Tit,COATI,3,,29/09/2018,Crockernwell,59,8.7,10.6,18.2,RJF,RJF_20180929
Y638707,Robin,ROBIN,4,,29/09/2018,Crockernwell,,,26.8,29.6,RJF,RJF_20180929
Y638708,Blue Tit,BLUTI,3,,29/09/2018,Crockernwell,63,10.6,18.7,20,RJF,RJF_20180929
Y638709,Goldfinch,GOLFI,3,F,29/09/2018,Crockernwell,75,14,14.4,16.7,RJF,RJF_20180929
Y638710,Willow Tit,WILTI,3,,29/09/2018,Crockernwell,60,10.2,16.2,18,RJF,RJF_20180929
Y638711,Willow Tit,WILTI,3,,29/09/2018,Crockernwell,61,10.3,16.3,18.4,RJF,RJF_20180929
AFB9934,Robin,ROBIN,3,,29/09/2018,FORC,76,17.8,25.8,28.7,SB,SB_20181025
AFB9935,Great Tit,GRETI,4,F,29/09/2018,FORC,73,17,18.6,21.3,SB,SB_20181025
AFB9937,Blue Tit,BLUTI,3,,29/09/2018,FORC,63,10.4,17,19.2,SB,SB_20181025
AFB9942,Blue Tit,BLUTI,3,,29/09/2018,FORC,61,9.9,16.4,18.9,SB,SB_20181025
AFB9943,Great Tit,GRETI,4,F,29/09/2018,FORC,74,17.5,20.9,23.8,SB,SB_20181025
AFB9945,Great Tit,GRETI,4,M,29/09/2018,FORC,77,20.8,22,25.1,SB,SB_20181025
AFB9949,Great Tit,GRETI,3,F,29/09/2018,FORC,74,17.5,20,23.3,SB,SB_20181025
AFB9951,Great Tit,GRETI,4,F,29/09/2018,FORC,76,17.5,21,23.6,SB,SB_20181025
AFB9952,Blue Tit,BLUTI,4,,29/09/2018,FORC,65,10.9,17.8,20.1,SB,SB_20181025
AFB9956,Chaffinch,CHAFF,4,M,29/09/2018,FORC,89,21.8,18.7,21,SB,SB_20181025
AFB9957,Blue Tit,BLUTI,3,,29/09/2018,FORC,59,10.7,17.4,20.3,SB,SB_20181025
AFB9958,Blue Tit,BLUTI,3,,29/09/2018,FORC,61,9.6,16.6,18.9,SB,SB_20181025
AFB9960,Chaffinch,CHAFF,3,M,29/09/2018,FORC,87,20.8,18.4,21.1,SB,SB_20181025
AFB9961,Chaffinch,CHAFF,4,F,29/09/2018,FORC,81,19.5,17.9,19.7,SB,SB_20181025
AFB9962,Chaffinch,CHAFF,3,M,29/09/2018,FORC,84,21.1,18,20.8,SB,SB_20181025
AFB9964,Chaffinch,CHAFF,3,F,29/09/2018,FORC,78,18.3,18,20.8,SB,SB_20181025
AFB9966,Blue Tit,BLUTI,3,,29/09/2018,FORC,62,10.5,16.7,19.3,SB,SB_20181025
AFB9972,Blue Tit,BLUTI,4,,29/09/2018,FORC,65,10,16.9,19.5,SB,SB_20181025
AFB9973,Great Tit,GRETI,3,F,29/09/2018,FORC,70,17.9,20.7,23.8,SB,SB_20181025
AFB9976,Blue Tit,BLUTI,3,,29/09/2018,FORC,59,10,16.7,19.3,SB,SB_20181025
AFB9978,Blue Tit,BLUTI,3,,29/09/2018,FORC,62,10.5,16.7,19.1,SB,SB_20181025
LH54415,Blackbird,BLABI,3,F,29/09/2018,FORC,124,91.9,36,41.3,SB,SB_20181025
TL73373,Dunnock,DUNNO,3,,30/09/2018,Crockernwell,72,21.8,22.1,24.7,RJF,RJF_20180929
LC97736,Blackbird,BLABI,3,F,30/09/2018,Crockernwell,135,96.5,34.2,38,RJF,RJF_20180929
Y638712,Robin,ROBIN,4,,30/09/2018,Crockernwell,70,17.8,25.2,27.8,RJF,RJF_20180929
Y638713,Blue Tit,BLUTI,3,,30/09/2018,Crockernwell,64,12.6,17.5,20,RJF,RJF_20180929
Y638714,Blue Tit,BLUTI,3,,30/09/2018,Crockernwell,65,12.4,18.1,20.6,RJF,RJF_20180929
Y638715,Blue Tit,BLUTI,3,,30/09/2018,Crockernwell,63,10.8,17,19.7,RJF,RJF_20180929
Y638716,Blue Tit,BLUTI,4,,30/09/2018,Crockernwell,62,10,16,17.9,RJF,RJF_20180929
Y638717,Blue Tit,BLUTI,3,,30/09/2018,Crockernwell,62,10.5,17.2,19.6,RJF,RJF_20180929
Y638718,Blue Tit,BLUTI,3,,30/09/2018,Crockernwell,62,10.6,16.7,19.7,RJF,RJF_20180929
Y638719,Robin,ROBIN,4,,30/09/2018,Crockernwell,71,17.6,24.6,27.3,RJF,RJF_20180929
Y638720,Robin,ROBIN,4,,30/09/2018,Crockernwell,72,16.9,25.2,27.4,RJF,RJF_20180929
NZ05849,Great Tit,GRETI,3,F,30/09/2018,BP,72,17.5,20.4,23,SB,SB_20181025
S873825,Blue Tit,BLUTI,3,,30/09/2018,BP,61,10.3,16.6,19.1,SB,SB_20181025
S873827,Chaffinch,CHAFF,4,F,30/09/2018,BP,79,,18.4,21.3,SB,SB_20181025
NZ05850,Great Tit,GRETI,3,M,01/10/2018,DD,76,19.5,20.6,23.6,SB,SB_20181025
NZ05851,Great Tit,GRETI,3,M,01/10/2018,DD,76,20.2,20.5,23.8,SB,SB_20181025
NZ05852,Great Tit,GRETI,3,M,01/10/2018,DD,76,19.7,21.5,24.6,SB,SB_20181025
S152240,Great Tit,GRETI,4,F,01/10/2018,DD,75,18.3,20,23,SB,SB_20181025
S842965,Blue Tit,BLUTI,4,,01/10/2018,DD,62,9.8,15.5,18.2,SB,SB_20181025
S873829,Blue Tit,BLUTI,3,,01/10/2018,DD,63,10.2,17.2,19.9,SB,SB_20181025
S873830,Robin,ROBIN,3,,01/10/2018,DD,74,18.1,26.6,29.1,SB,SB_20181025
S873831,Robin,ROBIN,4,,01/10/2018,DD,76,20.2,26.5,29.2,SB,SB_20181025
S873832,Blue Tit,BLUTI,3,,01/10/2018,DD,66,10.4,17.8,20.4,SB,SB_20181025
S873833,Blue Tit,BLUTI,3,,01/10/2018,DD,61,9.9,16.1,18.6,SB,SB_20181025
VZ72668,Great Tit,GRETI,4,F,01/10/2018,DD,74,17.3,21.2,24.3,SB,SB_20181025
VZ80771,Great Tit,GRETI,4,M,01/10/2018,DD,75,18.2,20.4,23.4,SB,SB_20181025
AFB9981,Great Tit,GRETI,3,F,02/10/2018,FORC,70,17.8,19.7,22.4,SB,SB_20181025
AFB9982,Great Tit,GRETI,3,F,02/10/2018,FORC,72,18.8,21,24.1,SB,SB_20181025
AFB9984,Great Tit,GRETI,3,F,02/10/2018,FORC,73,17,19.8,22.7,SB,SB_20181025
AFB9987,Blue Tit,BLUTI,3,,02/10/2018,FORC,62,10.4,16.9,19.8,SB,SB_20181025
AFB9990,Blue Tit,BLUTI,3,,02/10/2018,FORC,63,10.1,17.2,19.7,SB,SB_20181025
NZ05853,Great Tit,GRETI,3,M,04/10/2018,IN,76,18.7,20.6,23.6,SB,SB_20181025
S842428,Blue Tit,BLUTI,4,,04/10/2018,IN,63,9.6,16.4,19,SB,SB_20181025
S842500,Great Tit,GRETI,4,M,04/10/2018,IN,75,18.4,20.7,23.7,SB,SB_20181025
Z663192,Blue Tit,BLUTI,4,,04/10/2018,IN,66,10.6,17.1,19.6,SB,SB_20181025
AVA4591,Blue Tit,BLUTI,3,,06/10/2018,CCBO,64,10.8,17.3,20.1,SB,SB_20181025
AVA4624,Blue Tit,BLUTI,3,,06/10/2018,CCBO,62,10.2,15.7,18.2,SB,SB_20181025
AVA4626,Blue Tit,BLUTI,3,,06/10/2018,CCBO,62,10.3,16.5,18.7,SB,SB_20181025
AVA4650,Robin,ROBIN,3,,06/10/2018,CCBO,71,17.3,26.4,29.4,SB,SB_20181025
AVA4651,Blue Tit,BLUTI,3,,06/10/2018,CCBO,61,9.5,16,18.7,SB,SB_20181025
AVA4654,Great Tit,GRETI,3,M,06/10/2018,CCBO,73,17.1,20.1,23.3,SB,SB_20181025
AVA4655,Great Tit,GRETI,3,F,06/10/2018,CCBO,72,16.7,20.3,23.4,SB,SB_20181025
AVA4657,Great Tit,GRETI,3,M,06/10/2018,CCBO,76,19,20.7,23.7,SB,SB_20181025
AVA4660,Blue Tit,BLUTI,3,,06/10/2018,CCBO,59,9.7,16.1,18.6,SB,SB_20181025
AVA4661,Great Tit,GRETI,3,F,06/10/2018,CCBO,70,16.5,19.8,22.8,SB,SB_20181025
AVA4662,Chaffinch,CHAFF,3,F,06/10/2018,CCBO,82,22.3,18.6,21.6,SB,SB_20181025
AVA4663,Chaffinch,CHAFF,3,F,06/10/2018,CCBO,80,20.1,18.6,21.6,SB,SB_20181025
AVA4664,Chaffinch,CHAFF,3,M,06/10/2018,CCBO,87,21.2,18.7,21.6,SB,SB_20181025
AVA4665,Chaffinch,CHAFF,4,F,06/10/2018,CCBO,83,19,17.9,20.3,SB,SB_20181025
AVA4666,Chaffinch,CHAFF,3,F,06/10/2018,CCBO,80,19.4,19,21.8,SB,SB_20181025
AVA4667,Chaffinch,CHAFF,4,F,06/10/2018,CCBO,81,19.3,17.6,20.3,SB,SB_20181025
AVA4668,Chaffinch,CHAFF,3,F,06/10/2018,CCBO,80,20.3,18.6,20.8,SB,SB_20181025
AVA4669,Chaffinch,CHAFF,4,F,06/10/2018,CCBO,84,20.7,19.1,22.3,SB,SB_20181025
AVA4670,Chaffinch,CHAFF,3,F,06/10/2018,CCBO,79,19.7,17.3,19.9,SB,SB_20181025
AVA4671,Chaffinch,CHAFF,3,F,06/10/2018,CCBO,81,20.3,19,21.5,SB,SB_20181025
AVA4672,Chaffinch,CHAFF,4,F,06/10/2018,CCBO,83,21,17.9,20.7,SB,SB_20181025
AVA4673,Chaffinch,CHAFF,3,F,06/10/2018,CCBO,80,18.4,17.5,20.2,SB,SB_20181025
AVA4674,Chaffinch,CHAFF,3,F,06/10/2018,CCBO,77,19.9,17.7,20.3,SB,SB_20181025
AVA4675,Chaffinch,CHAFF,3,F,06/10/2018,CCBO,79,19.7,17.5,19.9,SB,SB_20181025
AVA4695,Blue Tit,BLUTI,3,,06/10/2018,CCBO,61,9.7,16.7,19.5,SB,SB_20181025
AVA4696,Blue Tit,BLUTI,3,,06/10/2018,CCBO,60,9.3,16.9,19.5,SB,SB_20181025
AVA4697,Great Tit,GRETI,3,F,06/10/2018,CCBO,74,17.8,19.7,23.1,SB,SB_20181025
AVA4698,Chaffinch,CHAFF,4,F,06/10/2018,CCBO,79,18.2,18.4,21.1,SB,SB_20181025
AVA4699,Blue Tit,BLUTI,3,,06/10/2018,CCBO,60,9.6,15.8,18.8,SB,SB_20181025
AVA4700,Chaffinch,CHAFF,3,M,06/10/2018,CCBO,85,23.2,18,20.7,SB,SB_20181025
AVA4701,Chaffinch,CHAFF,3,F,06/10/2018,CCBO,82,21.9,18.9,21.8,SB,SB_20181025
AVA4703,Blue Tit,BLUTI,3,,06/10/2018,CCBO,63,10.5,17.2,19.7,SB,SB_20181025
AVA4631,Robin,ROBIN,3,,07/10/2018,CCBO,73,17.2,26,28.7,SB,SB_20181025
AVA4706,Chaffinch,CHAFF,3,F,07/10/2018,CCBO,81,21,18.7,21.5,SB,SB_20181025
AVA4707,Chaffinch,CHAFF,3,F,07/10/2018,CCBO,84,21.3,18.3,22.2,SB,SB_20181025
AVA4708,Blue Tit,BLUTI,3,,07/10/2018,CCBO,60,10.3,16.8,20,SB,SB_20181025
X469531,Robin,ROBIN,4,,07/10/2018,CCBO,74,17,25.1,28.1,SB,SB_20181025
NZ05854,Great Tit,GRETI,3,M,08/10/2018,DW,76,19.7,20.3,23.2,SB,SB_20181025
NZ05855,Great Tit,GRETI,3,F,08/10/2018,DW,73,17.4,21.2,24.6,SB,SB_20181025
NZ05856,Great Tit,GRETI,3,F,08/10/2018,DW,72,16.5,19.7,22.6,SB,SB_20181025
NZ05857,Great Tit,GRETI,3,F,08/10/2018,DW,71,18.6,20.2,23.3,SB,SB_20181025
NZ05858,Great Tit,GRETI,3,M,08/10/2018,DW,76,18.1,21.3,24.2,SB,SB_20181025
NZ05859,Great Tit,GRETI,3,F,08/10/2018,DW,73,18,20.2,22.8,SB,SB_20181025
NZ05860,Great Tit,GRETI,3,F,08/10/2018,DW,73,16.9,21.1,24.1,SB,SB_20181025
NZ05861,Great Tit,GRETI,4,M,08/10/2018,DW,77,18.3,21,23.9,SB,SB_20181025
S873838,Blue Tit,BLUTI,3,,08/10/2018,DW,63,10.7,17.1,19.6,SB,SB_20181025
S873839,Chaffinch,CHAFF,4,F,08/10/2018,DW,83,18.6,18.1,21,SB,SB_20181025
S873840,Blue Tit,BLUTI,3J,,08/10/2018,DW,66,10.9,16,18.7,SB,SB_20181025
S873843,Chaffinch,CHAFF,3,F,08/10/2018,DW,79,19.2,19.1,21.6,SB,SB_20181025
S873844,Chaffinch,CHAFF,3,M,08/10/2018,DW,87,20.8,19.3,22.2,SB,SB_20181025
S873845,Chaffinch,CHAFF,3,M,08/10/2018,DW,86,20.6,18.3,21.2,SB,SB_20181025
S873846,Chaffinch,CHAFF,3,F,08/10/2018,DW,80,21.1,18,20.7,SB,SB_20181025
S873847,Chaffinch,CHAFF,3,F,08/10/2018,DW,80,19.8,18.1,20.8,SB,SB_20181025
S873848,Chaffinch,CHAFF,4,F,08/10/2018,DW,84,19.1,18.1,21,SB,SB_20181025
S873849,Chaffinch,CHAFF,3,M,08/10/2018,DW,87,22.3,18.5,21.2,SB,SB_20181025
S873850,Chaffinch,CHAFF,3,F,08/10/2018,DW,78,19.3,18.2,20.8,SB,SB_20181025
S873851,Chaffinch,CHAFF,3,F,08/10/2018,DW,83,20.4,18.8,21.7,SB,SB_20181025
S873852,Chaffinch,CHAFF,3,F,08/10/2018,DW,83,19.8,18.9,21.7,SB,SB_20181025
S873853,Chaffinch,CHAFF,3,F,08/10/2018,DW,80,18.7,18.4,21.1,SB,SB_20181025
S873854,Chaffinch,CHAFF,3,M,08/10/2018,DW,86,23,19,21.7,SB,SB_20181025
S873855,Chaffinch,CHAFF,3,F,08/10/2018,DW,80,18.4,18.9,21.5,SB,SB_20181025
S873856,Blue Tit,BLUTI,3,,08/10/2018,DW,61,9.9,16.5,18.8,SB,SB_20181025
VZ80787,Great Tit,GRETI,4,F,09/10/2018,CB,72,16.6,19.8,22.6,SB,SB_20181016
VZ80761,Great Tit,GRETI,4,F,09/10/2018,CB,74,16.8,19.7,22.8,SB,SB_20181016
NZ05862,Great Tit,GRETI,3,M,09/10/2018,CB,75,17.7,20.1,23.1,SB,SB_20181016
VZ80781,Great Tit,GRETI,4,F,09/10/2018,CB,74,17.7,20.1,23,SB,SB_20181016
NZ05863,Great Tit,GRETI,3,F,09/10/2018,CB,74,18.6,21.3,24.3,SB,SB_20181016
NZ05864,Great Tit,GRETI,3,F,09/10/2018,CB,75,18.6,20.9,23.7,SB,SB_20181016
S873858,Blue Tit,BLUTI,3,,09/10/2018,CB,61,9.5,16.4,18.9,SB,SB_20181022
S873859,Chaffinch,CHAFF,4,M,09/10/2018,CB,88,20.5,18.9,21.7,SB,SB_20181023
S873860,Chaffinch,CHAFF,4,F,09/10/2018,CB,80,19.7,18.5,21.1,SB,SB_20181024
S873867,Blue Tit,BLUTI,3,,09/10/2018,CB,64,10.4,17.5,20.1,SB,SB_20181025
S873868,Blue Tit,BLUTI,3,,09/10/2018,CB,63,10.6,17.3,19.8,SB,SB_20181025
S873869,Chaffinch,CHAFF,4,F,09/10/2018,CB,83,19.9,18.1,20.3,SB,SB_20181025
S873875,Chaffinch,CHAFF,3,M,10/10/2018,KB,86,21.3,18.9,21.7,SB,SB_20181025
S873876,Chaffinch,CHAFF,4,F,10/10/2018,KB,82,19.9,18.1,20.7,SB,SB_20181025
NZ05865,Great Tit,GRETI,3,M,10/10/2018,KB,73,18.3,20.7,23.8,SB,SB_20181025
NZ05866,Great Tit,GRETI,3,F,10/10/2018,KB,74,18.8,21.6,24.2,SB,SB_20181025
NZ05542,Great Tit,GRETI,3,F,10/10/2018,KB,72,16.8,20.1,23,SB,SB_20181025
S842718,Great Tit,GRETI,4,F,10/10/2018,KB,76,17.5,20,23.2,SB,SB_20181025
NZ05867,Great Tit,GRETI,4,M,10/10/2018,KB,78,18.3,21,24.1,SB,SB_20181025
NZ05868,Great Tit,GRETI,3,M,10/10/2018,KB,77,19.1,21.1,24.2,SB,SB_20181025
NZ05869,Great Tit,GRETI,3,M,10/10/2018,KB,74,18.5,20.7,23.6,SB,SB_20181025
NZ05870,Great Tit,GRETI,4,F,10/10/2018,KB,75,17,20.5,23.4,SB,SB_20181025
NZ05871,Great Tit,GRETI,4,F,10/10/2018,KB,72,17.4,20.1,23.2,SB,SB_20181025
NZ05872,Great Tit,GRETI,3,F,10/10/2018,KB,71,17.8,19.6,22.6,SB,SB_20181025
NZ05873,Great Tit,GRETI,3,M,10/10/2018,KB,74,20.5,21.7,24.6,SB,SB_20181025
NZ05874,Great Tit,GRETI,4,M,10/10/2018,KB,78,18.5,21,23.8,SB,SB_20181025
S873877,Chaffinch,CHAFF,4,M,10/10/2018,KB,88,21.8,18,21,SB,SB_20181025
S873878,Blue Tit,BLUTI,3,,10/10/2018,KB,64,10.3,16.2,18.9,SB,SB_20181025
S873879,Chaffinch,CHAFF,4,F,10/10/2018,KB,82,19.8,19.3,22,SB,SB_20181025
S873880,Chaffinch,CHAFF,4,F,10/10/2018,KB,82,18.7,18.2,20.9,SB,SB_20181025
S873881,Chaffinch,CHAFF,4,F,10/10/2018,KB,81,16.9,16.6,19.1,SB,SB_20181025
S873882,Chaffinch,CHAFF,4,M,10/10/2018,KB,87,20.8,19.1,21.5,SB,SB_20181025
S873883,Chaffinch,CHAFF,3,F,10/10/2018,KB,81,19.7,18.5,21.3,SB,SB_20181025
S873884,Chaffinch,CHAFF,4,F,10/10/2018,KB,82,19.6,18.1,20.9,SB,SB_20181025
S873885,Chaffinch,CHAFF,3,M,10/10/2018,KB,88,20.4,18.5,21.1,SB,SB_20181025
S873886,Chaffinch,CHAFF,3,F,10/10/2018,KB,79,21.1,18.9,21.6,SB,SB_20181025
NZ05875,Great Tit,GRETI,3,F,11/10/2018,DD,74,18.4,21.1,24,SB,SB_20181025
NZ05876,Great Tit,GRETI,4,F,11/10/2018,DD,74,16.6,20.6,23.5,SB,SB_20181025
NZ05877,Great Tit,GRETI,4,M,11/10/2018,DD,76,19.1,20.8,23.9,SB,SB_20181025
VZ72673,Great Tit,GRETI,4,M,11/10/2018,DD,76,18,19.7,22.6,SB,SB_20181025
VZ80788,Great Tit,GRETI,4,M,11/10/2018,DD,78,18.6,21,23.6,SB,SB_20181025
VZ72662,Great Tit,GRETI,4,F,11/10/2018,DD,77,18.1,20.6,23.5,SB,SB_20181025
NZ05878,Great Tit,GRETI,3,F,11/10/2018,DD,72,17.3,20.5,23.5,SB,SB_20181025
VZ80855,Great Tit,GRETI,4,M,11/10/2018,DD,78,19.1,20.7,23.7,SB,SB_20181025
S873889,Blue Tit,BLUTI,4,,11/10/2018,DD,64,10.1,16.9,19.2,SB,SB_20181025
S873890,Blue Tit,BLUTI,3,,11/10/2018,DD,59,9.1,16.5,18.9,SB,SB_20181025
S873891,Chaffinch,CHAFF,4,F,11/10/2018,DD,82,18.5,17.2,20.4,SB,SB_20181025
S873892,Chaffinch,CHAFF,4,M,11/10/2018,DD,86,20,18.4,21,SB,SB_20181025
S873893,Chaffinch,CHAFF,3,M,11/10/2018,DD,87,21.3,19.4,22.4,SB,SB_20181025
S873894,Chaffinch,CHAFF,3,F,11/10/2018,DD,79,21.8,18.8,21.5,SB,SB_20181025
S873897,Chaffinch,CHAFF,4,M,11/10/2018,DD,86,21,18.5,21.1,SB,SB_20181025
S873898,Chaffinch,CHAFF,3,F,11/10/2018,DD,80,18.1,17.3,20,SB,SB_20181025
S873899,Chaffinch,CHAFF,3,F,11/10/2018,DD,81,19.7,17.6,20.4,SB,SB_20181025
S873900,Chaffinch,CHAFF,3,F,11/10/2018,DD,82,19.7,18.4,21.1,SB,SB_20181025
AYC3278,Blue Tit,BLUTI,3,,11/10/2018,DD,65,10.4,17.2,19.9,SB,SB_20181025
AYC3279,Blue Tit,BLUTI,3,,11/10/2018,DD,61,9.9,16.5,18.8,SB,SB_20181025
AYC3280,Blue Tit,BLUTI,3,,11/10/2018,DD,62,10.2,16.8,19.2,SB,SB_20181025
AYC3281,Blue Tit,BLUTI,3,,11/10/2018,DD,64,10.9,17.2,20,SB,SB_20181025
AYC3282,Chaffinch,CHAFF,4,M,11/10/2018,DD,85,20.3,18.8,21.2,SB,SB_20181025
AYC3283,Chaffinch,CHAFF,3,F,11/10/2018,DD,80,19.4,17.9,20.7,SB,SB_20181025
AYC3284,Chaffinch,CHAFF,4,M,11/10/2018,DD,89,19.1,17.9,20.4,SB,SB_20181025
AYC3285,Chaffinch,CHAFF,3,M,11/10/2018,DD,87,20.7,18.6,21.6,SB,SB_20181025
AYC3287,Chaffinch,CHAFF,3,M,11/10/2018,DD,85,20.6,18.1,20.9,SB,SB_20181025
AYC3288,Chaffinch,CHAFF,3,M,11/10/2018,DD,83,21.2,18.6,21.4,SB,SB_20181025
AYC3289,Chaffinch,CHAFF,3,M,11/10/2018,DD,88,22.4,18.4,21.1,SB,SB_20181025
AYC3290,Chaffinch,CHAFF,4,M,11/10/2018,DD,86,22.1,19,21.7,SB,SB_20181025
NZ05879,Great Tit,GRETI,3,M,14/10/2018,BP,76,19.2,20.1,22.9,SB,SB_20181025
S842393,Great Tit,GRETI,4,F,14/10/2018,BP,73,17,20.1,23.1,SB,SB_20181025
NZ05880,Great Tit,GRETI,3,M,14/10/2018,BP,76,19.3,21.4,24.7,SB,SB_20181025
S842689,Great Tit,GRETI,4,F,14/10/2018,BP,74,17.3,20.5,23.6,SB,SB_20181025
S152716,Great Tit,GRETI,4,M,14/10/2018,BP,77,17.6,20.7,23.8,SB,SB_20181025
AYC3297,Chaffinch,CHAFF,3,F,14/10/2018,BP,79,18,17.8,20.5,SB,SB_20181025
LK05056,Blackbird,BLABI,3,F,14/10/2018,BP,125,87,34.5,39.2,SB,SB_20181025
LK05057,Blackbird,BLABI,3,M,14/10/2018,BP,130,96.9,35.5,40.8,SB,SB_20181025
LK05058,Blackbird,BLABI,3,M,14/10/2018,BP,131,89.3,35,39.7,SB,SB_20181025
AYC3555,Blue Tit,BLUTI,3,,14/10/2018,BP,66,10.7,17,19.9,SB,SB_20181025
AYC3564,Chaffinch,CHAFF,3,F,14/10/2018,BP,80,19.2,17.9,20.8,SB,SB_20181025
AYC3565,Chaffinch,CHAFF,3,F,14/10/2018,BP,79,18.7,17,19.6,SB,SB_20181025
AYC3566,Chaffinch,CHAFF,3,F,14/10/2018,BP,78,18,17.7,20.1,SB,SB_20181025
AYC3568,Blue Tit,BLUTI,3,,14/10/2018,BP,62,9.8,15.9,18.4,SB,SB_20181025
AYC3569,Chaffinch,CHAFF,3,M,14/10/2018,BP,85,21.4,18.5,21.3,SB,SB_20181025
NZ05884,Great Tit,GRETI,3,M,15/10/2018,DW,75,18.4,20.5,23.4,SB,SB_20181025
VZ72639,Great Tit,GRETI,4,F,15/10/2018,DW,72,16.1,19.8,22.6,SB,SB_20181025
NZ05596,Great Tit,GRETI,4,F,15/10/2018,DW,73,16.8,20.2,23.1,SB,SB_20181025
NZ05885,Great Tit,GRETI,4,M,15/10/2018,DW,77,18.8,21,24,SB,SB_20181025
NZ05886,Great Tit,GRETI,3,F,15/10/2018,DW,73,17.7,19,22,SB,SB_20181025
NZ05887,Great Tit,GRETI,4,M,15/10/2018,DW,75,18.5,20.4,23.6,SB,SB_20181025
NZ05888,Great Tit,GRETI,4,F,15/10/2018,DW,73,16.6,20.2,23,SB,SB_20181025
AYC3571,Chaffinch,CHAFF,3,M,15/10/2018,DW,86,21.6,18.9,21.6,SB,SB_20181025
AYC3572,Chaffinch,CHAFF,3,M,15/10/2018,DW,83,19.5,18.3,21,SB,SB_20181025
AYC3573,Chaffinch,CHAFF,3,M,15/10/2018,DW,85,20,18.3,20.9,SB,SB_20181025
AYC3574,Chaffinch,CHAFF,3,M,15/10/2018,DW,84,21.5,18.2,21,SB,SB_20181025
AYC3575,Chaffinch,CHAFF,3,M,15/10/2018,DW,86,21.5,17.7,20.6,SB,SB_20181025
AYC3576,Chaffinch,CHAFF,3,F,15/10/2018,DW,81,19,19,21.8,SB,SB_20181025
AYC3577,Chaffinch,CHAFF,3,M,15/10/2018,DW,85,22.5,18.9,21.5,SB,SB_20181025
AYC3578,Blue Tit,BLUTI,3,,15/10/2018,DW,60,9.5,16.5,19.2,SB,SB_20181025
AYC3579,Robin,ROBIN,3,,15/10/2018,DW,74,18.7,26.8,29.7,SB,SB_20181025
AYC3580,Chaffinch,CHAFF,3,M,15/10/2018,DW,87,21.1,18.7,21.6,SB,SB_20181025
AYC3581,Chaffinch,CHAFF,4,M,16/10/2018,DD,88,19.8,16.7,19.2,SB,SB_20181025
NZ05889,Great Tit,GRETI,3,F,16/10/2018,DD,74,16.5,20,22.9,SB,SB_20181025
TX52084,Great Tit,GRETI,4,M,16/10/2018,DD,78,18.4,21,24.2,SB,SB_20181025
AYC3583,Blue Tit,BLUTI,3,,17/10/2018,KB,65,10.1,16.9,19.1,SB,SB_20181022
AYC3584,Blue Tit,BLUTI,4,,17/10/2018,KB,63,10.6,17.2,19.6,SB,SB_20181022
AYC3587,Blue Tit,BLUTI,4,,17/10/2018,KB,62,9.5,16.6,19,SB,SB_20181022
AYC3589,Blue Tit,BLUTI,3,,17/10/2018,KB,60,9.4,16.8,19.5,SB,SB_20181022
AYC3591,Blue Tit,BLUTI,3,,17/10/2018,KB,60,9.2,16.1,18.3,SB,SB_20181022
AYC3593,Blue Tit,BLUTI,3,,17/10/2018,KB,62,10.3,17,19.4,SB,SB_20181022
AYC3596,Blue Tit,BLUTI,4,,17/10/2018,KB,60,10.1,16.5,19.2,SB,SB_20181022
AYC3599,Blue Tit,BLUTI,3,,17/10/2018,KB,60,10,16.2,18.9,SB,SB_20181022
AYC3585,Chaffinch,CHAFF,3,M,17/10/2018,KB,83,20.8,18.5,21.3,SB,SB_20181022
AYC3586,Chaffinch,CHAFF,3,F,17/10/2018,KB,79,18.2,18.8,21.5,SB,SB_20181022
AYC3595,Chaffinch,CHAFF,4,F,17/10/2018,KB,82,19.3,18.5,21,SB,SB_20181022
AYC3600,Chaffinch,CHAFF,3,F,17/10/2018,KB,78,18.9,17.6,20.4,SB,SB_20181022
AYC3601,Chaffinch,CHAFF,3,F,17/10/2018,KB,77,19.1,18.7,21.2,SB,SB_20181022
AYC3602,Chaffinch,CHAFF,3,F,17/10/2018,KB,80,17.8,17.6,20.2,SB,SB_20181022
AYC3603,Chaffinch,CHAFF,3,F,17/10/2018,KB,76,19,18.6,21.1,SB,SB_20181022
S152865,Great Tit,GRETI,4,F,17/10/2018,KB,75,17.6,20.5,23.1,SB,SB_20181022
S842665,Great Tit,GRETI,4,M,17/10/2018,KB,76,18.8,20.3,23.2,SB,SB_20181022
NZ05890,Great Tit,GRETI,3,F,17/10/2018,KB,71,16.7,20.1,22.8,SB,SB_20181022
NZ05891,Great Tit,GRETI,3,M,17/10/2018,KB,72,17.6,20.4,23.2,SB,SB_20181022
NZ05892,Great Tit,GRETI,4,F,17/10/2018,KB,74,18.1,20.9,23.4,SB,SB_20181022
NZ05893,Great Tit,GRETI,3,F,17/10/2018,KB,72,17.4,20.7,23.2,SB,SB_20181022
AYC3594,Robin,ROBIN,3,,17/10/2018,KB,74,18,26,28.9,SB,SB_20181022
AYC3613,Blue Tit,BLUTI,3,,18/10/2018,CB,62,10,17.2,19.7,SB,SB_20181022
AYC3615,Blue Tit,BLUTI,3,,18/10/2018,CB,60,9.7,16.9,19.1,SB,SB_20181022
AYC3616,Blue Tit,BLUTI,3,,18/10/2018,CB,63,10.4,16.3,19.1,SB,SB_20181022
AYC3610,Chaffinch,CHAFF,4,M,18/10/2018,CB,88,19.3,18.3,21.3,SB,SB_20181022
AYC3611,Chaffinch,CHAFF,3,M,18/10/2018,CB,83,23.6,18.5,21.5,SB,SB_20181022
AYC3618,Chaffinch,CHAFF,3,F,18/10/2018,CB,77,19.8,18,20.6,SB,SB_20181022
VZ72650,Great Tit,GRETI,4,F,18/10/2018,CB,73,17.6,20.5,23.5,SB,SB_20181022
NZ05894,Great Tit,GRETI,3,M,18/10/2018,CB,73,18.6,20.6,23.6,SB,SB_20181022
LK05060,Blackbird,BLABI,3,F,19/10/2018,IN,122,91.3,34,39,SB,SB_20181022
AYC3628,Chaffinch,CHAFF,4,F,19/10/2018,IN,82,19.5,17.9,20.5,SB,SB_20181022
AYC3629,Chaffinch,CHAFF,4,M,19/10/2018,IN,91,20.3,18.9,21.7,SB,SB_20181022
AYC3630,Chaffinch,CHAFF,4,M,19/10/2018,IN,86,19.8,18.9,21.5,SB,SB_20181022
S842652,Great Tit,GRETI,4,F,19/10/2018,IN,72,17.2,20.8,23.4,SB,SB_20181022
NZ05517,Great Tit,GRETI,4,F,19/10/2018,IN,73,17.3,20.4,22.9,SB,SB_20181022
AYC3619,Robin,ROBIN,3,,19/10/2018,IN,74,17.7,25.8,28.8,SB,SB_20181022
AYC3620,Robin,ROBIN,3,,19/10/2018,IN,75,17.5,25.7,28.7,SB,SB_20181022
AYC3621,Robin,ROBIN,3,,19/10/2018,IN,74,18,26,28.8,SB,SB_20181022
AYC2017,Blue Tit,BLUTI,3,,20/10/2018,FORC,60,,15.5,18.5,SB,SB_20181022
AYC2030,Blue Tit,BLUTI,3,,20/10/2018,FORC,64,,16.5,18.7,SB,SB_20181022
AFB9998,Chaffinch,CHAFF,3,F,20/10/2018,FORC,82,19.2,18.8,21.2,SB,SB_20181022
AYC2002,Chaffinch,CHAFF,3,F,20/10/2018,FORC,82,19.1,18.4,21.1,SB,SB_20181022
AYC2005,Chaffinch,CHAFF,3,F,20/10/2018,FORC,82,20.7,19,21.7,SB,SB_20181022
AYC2011,Chaffinch,CHAFF,3,F,20/10/2018,FORC,82,21.7,18.5,21.1,SB,SB_20181022
AYC2015,Chaffinch,CHAFF,3,F,20/10/2018,FORC,83,20.1,17.8,20.9,SB,SB_20181022
AYC2021,Chaffinch,CHAFF,3,F,20/10/2018,FORC,82,20.7,18.3,21.3,SB,SB_20181022
AYC2025,Chaffinch,CHAFF,3,F,20/10/2018,FORC,80,19.3,18.1,21.1,SB,SB_20181022
AYC2026,Chaffinch,CHAFF,3,F,20/10/2018,FORC,81,18.2,18,20.7,SB,SB_20181022
AYC2027,Chaffinch,CHAFF,3,F,20/10/2018,FORC,82,20.3,18.7,21.3,SB,SB_20181022
AYC2029,Chaffinch,CHAFF,3,F,20/10/2018,FORC,81,19.8,18.2,21,SB,SB_20181022
AYC2035,Chaffinch,CHAFF,3,F,20/10/2018,FORC,80,18,17.5,20.5,SB,SB_20181022
AYC2001,Great Tit,GRETI,3,F,20/10/2018,FORC,76,18,21,24,SB,SB_20181022
AYC2004,Great Tit,GRETI,3,,20/10/2018,FORC,72,17,20.4,23.5,SB,SB_20181022
AYC2006,Great Tit,GRETI,3,F,20/10/2018,FORC,72,17.4,20.4,23.9,SB,SB_20181022
AYC2057,Blue Tit,BLUTI,3,,21/10/2018,SOM,64,11.4,17.3,19.6,SB,SB_20181022
AYC2046,Great Tit,GRETI,3,M,21/10/2018,SOM,74,18.4,20.5,23.5,SB,SB_20181022
AYC2044,Robin,ROBIN,4,,21/10/2018,SOM,74,19,26,28.8,SB,SB_20181022
AYC3644,Blue Tit,BLUTI,3,,22/10/2018,DW,62,10,17.4,20,SB,SB_20181022
AYC3645,Blue Tit,BLUTI,3,,22/10/2018,DW,61,9,16.1,18.3,SB,SB_20181022
AYC3646,Blue Tit,BLUTI,4,,22/10/2018,DW,62,10.1,17.5,19.9,SB,SB_20181022
S842638,Blue Tit,BLUTI,4,,22/10/2018,DW,64,10.6,16.7,19.2,SB,SB_20181022
AYC3633,Chaffinch,CHAFF,3,F,22/10/2018,DW,81,19.8,18.8,21.4,SB,SB_20181022
AYC3635,Chaffinch,CHAFF,3,F,22/10/2018,DW,80,18.8,18,20.5,SB,SB_20181022
AYC3636,Chaffinch,CHAFF,3,F,22/10/2018,DW,83,20,17.4,20,SB,SB_20181022
AYC3637,Chaffinch,CHAFF,3,F,22/10/2018,DW,81,18.8,17.8,20.3,SB,SB_20181022
AYC3638,Chaffinch,CHAFF,3,F,22/10/2018,DW,79,19.4,18.5,21.3,SB,SB_20181022
AYC3639,Chaffinch,CHAFF,3,F,22/10/2018,DW,81,20,18,20.5,SB,SB_20181022
AYC3640,Chaffinch,CHAFF,3,M,22/10/2018,DW,85,20.9,18.1,20.6,SB,SB_20181022
AYC3641,Chaffinch,CHAFF,3,F,22/10/2018,DW,81,20,18.6,21.1,SB,SB_20181022
AYC3642,Chaffinch,CHAFF,3,M,22/10/2018,DW,85,21.1,18.8,21.4,SB,SB_20181022
AYC3643,Chaffinch,CHAFF,3,F,22/10/2018,DW,82,19.5,18.5,21,SB,SB_20181022
AYC3647,Chaffinch,CHAFF,4,M,22/10/2018,DW,89,21.5,18.8,21.3,SB,SB_20181022
AYC3648,Chaffinch,CHAFF,3,F,22/10/2018,DW,79,18.5,18.5,21.1,SB,SB_20181022
AYC3649,Chaffinch,CHAFF,3,F,22/10/2018,DW,77,17.8,17.3,19.5,SB,SB_20181022
AYC3651,Chaffinch,CHAFF,4,F,22/10/2018,DW,83,18.6,17.6,20.2,SB,SB_20181022
AYC3652,Chaffinch,CHAFF,3,F,22/10/2018,DW,83,18.9,18.7,21.5,SB,SB_20181022
AYC3653,Chaffinch,CHAFF,3,F,22/10/2018,DW,80,19.8,17.8,20.6,SB,SB_20181022
NZ05817,Great Tit,GRETI,3,M,22/10/2018,DW,74,18.6,20.8,23.7,SB,SB_20181022
D534818,Great Tit,GRETI,4,F,22/10/2018,DW,73,16.8,19.1,22.5,SB,SB_20181022
VZ72627,Great Tit,GRETI,4,F,22/10/2018,DW,76,17.7,20.3,22.9,SB,SB_20181022
NZ05551,Great Tit,GRETI,4,M,22/10/2018,DW,76,19.1,21.4,24,SB,SB_20181022
NZ05512,Great Tit,GRETI,3,F,22/10/2018,DW,72,17.5,20.9,23.9,SB,SB_20181022
NZ05895,Great Tit,GRETI,4,F,22/10/2018,DW,74,19,20.3,23.3,SB,SB_20181022
NZ05896,Great Tit,GRETI,3,M,22/10/2018,DW,78,18.6,20.9,24.1,SB,SB_20181022
NZ05897,Great Tit,GRETI,3,M,22/10/2018,DW,73,18.2,18.7,21.6,SB,SB_20181022
AYC3654,Robin,ROBIN,4,,23/10/2018,CB,77,17.8,26.9,30,SB,SB_20181025
AYC3659,Chaffinch,CHAFF,3,M,23/10/2018,CB,86,25.2,19,22,SB,SB_20181025
AYC3661,Blue Tit,BLUTI,4,,23/10/2018,CB,64,10.8,17.6,20.2,SB,SB_20181025
AYC3662,Blue Tit,BLUTI,3,,23/10/2018,CB,63,10,17.7,20.3,SB,SB_20181025
AYC3663,Blue Tit,BLUTI,4,,23/10/2018,CB,62,9.7,16.9,19.4,SB,SB_20181025
AYC3664,Blue Tit,BLUTI,4,,23/10/2018,CB,64,10.8,17.6,20.1,SB,SB_20181025
AYC3665,Blue Tit,BLUTI,3,,23/10/2018,CB,62,9.9,16.7,19.2,SB,SB_20181025
AYC3667,Chaffinch,CHAFF,3,F,23/10/2018,CB,80,19.7,19,21.5,SB,SB_20181025
AYC3668,Chaffinch,CHAFF,4,F,23/10/2018,CB,82,19.9,18.9,21.7,SB,SB_20181025
VZ80800,Great Tit,GRETI,4,M,23/10/2018,CB,77,18.2,20.5,23.3,SB,SB_20181025
NZ05898,Great Tit,GRETI,4,F,23/10/2018,CB,73,18.1,20.9,23.7,SB,SB_20181025
NZ05899,Great Tit,GRETI,4,M,23/10/2018,CB,79,18.1,21,24,SB,SB_20181025
NZ05900,Great Tit,GRETI,4,F,23/10/2018,CB,73,15.5,18.7,21.7,SB,SB_20181025
VZ80114,Great Tit,GRETI,3,M,23/10/2018,CB,76,19.6,21.6,24.6,SB,SB_20181025
VZ80115,Great Tit,GRETI,3,F,23/10/2018,CB,73,17,19.7,22.7,SB,SB_20181025
VZ80116,Great Tit,GRETI,3,F,23/10/2018,CB,75,17.8,20.8,23.7,SB,SB_20181025
VZ72645,Great Tit,GRETI,4,M,23/10/2018,CB,78,19.8,21.8,24.5,SB,SB_20181025
AYC3669,Chaffinch,CHAFF,4,F,24/10/2018,KB,80,17.4,18,20.5,SB,SB_20181025
AYC3670,Chaffinch,CHAFF,3,F,24/10/2018,KB,79,18.6,18.3,21.1,SB,SB_20181025
AYC3674,Blue Tit,BLUTI,3,,24/10/2018,KB,65,10.2,17.8,20.5,SB,SB_20181025
AYC3675,Blue Tit,BLUTI,3,,24/10/2018,KB,61,9.8,16.6,19.2,SB,SB_20181025
AYC3676,Blue Tit,BLUTI,3,,24/10/2018,KB,61,9.5,16.8,19.3,SB,SB_20181025
AYC3677,Blue Tit,BLUTI,4,,24/10/2018,KB,66,10.5,17.8,20.5,SB,SB_20181025
AYC3678,Blue Tit,BLUTI,3,,24/10/2018,KB,61,9.8,16,18.6,SB,SB_20181025
AYC3679,Chaffinch,CHAFF,3,M,24/10/2018,KB,87,20.3,18,20.8,SB,SB_20181025
VZ80117,Great Tit,GRETI,3,M,24/10/2018,KB,74,18,21,23.8,SB,SB_20181025
VZ80118,Great Tit,GRETI,4,M,24/10/2018,KB,77,19.3,20.4,23.5,SB,SB_20181025
VZ80119,Great Tit,GRETI,4,F,24/10/2018,KB,76,17.8,19.8,23.1,SB,SB_20181025
VZ80120,Great Tit,GRETI,3,M,24/10/2018,KB,76,19.2,21,24.2,SB,SB_20181025
VZ80121,Great Tit,GRETI,4,F,24/10/2018,KB,72,18.9,19.6,22.7,SB,SB_20181025
VZ80122,Great Tit,GRETI,3,M,24/10/2018,KB,78,18.7,20.8,23.9,SB,SB_20181025
VZ80525,Great Tit,GRETI,3,M,24/10/2018,KB,74,17.3,20,23,SB,SB_20181025
LK05061,Blackbird,BLABI,3,M,25/10/2018,BP,128,89.9,35.2,39.9,SB,SB_20181025
ALA887,Long-tailed Tit,LOTTI,2,,25/10/2018,,59,7.2,17,19.2,JS,RJF_20181027
DXC502,Wren,WREN,3,,25/10/2018,,48,8.3,16.2,19.1,JS,RJF_20181027
DXC503,Long-tailed Tit,LOTTI,2,,25/10/2018,,62,7.4,17.3,18.8,JS,RJF_20181027
DXC504,Long-tailed Tit,LOTTI,2,,25/10/2018,,59,7.2,17.5,19,JS,RJF_20181027
DXC507,Long-tailed Tit,LOTTI,2,,25/10/2018,,63,7.9,16.7,19,JS,RJF_20181027
DXC508,Wren,WREN,3,,25/10/2018,,50,9.9,17.9,20.3,JS,RJF_20181027
LC97737,Blackbird,BLABI,3,M,25/10/2018,,126,100.2,35,39.1,JS,RJF_20181027
LC97738,Blackbird,BLABI,4,M,25/10/2018,,129,95.1,31.9,38.7,JS,RJF_20181027
LC97739,Blackbird,BLABI,3,F,25/10/2018,,126,99.1,34.1,39,JS,RJF_20181027
Y638721,Robin,ROBIN,3,,25/10/2018,,71,17.6,25.6,29,JS,RJF_20181027
Y638732,Chaffinch,CHAFF,4,M,25/10/2018,,87,21.3,18.6,21,JS,RJF_20181027
AYC3727,Chaffinch,CHAFF,3,F,26/10/2018,IN,79,19.6,18.9,21.5,SB,SB_20181030
AYC3728,Chaffinch,CHAFF,3,F,26/10/2018,IN,80,19.7,17.9,20.5,SB,SB_20181030
AYC3729,Chaffinch,CHAFF,3,F,26/10/2018,IN,79,17.5,17.7,20.1,SB,SB_20181030
AYC3732,Blue Tit,BLUTI,3,,30/10/2018,DD,65,10.9,17.4,20,SB,SB_20181030
AYC3733,Chaffinch,CHAFF,3,F,30/10/2018,DD,80,19.4,19,21.8,SB,SB_20181030
AYC3734,Blue Tit,BLUTI,3,,30/10/2018,DD,63,10,17.5,20,SB,SB_20181030
AYC3735,Chaffinch,CHAFF,3,F,30/10/2018,DD,85,20.6,18.5,21.1,SB,SB_20181030
AYC3736,Chaffinch,CHAFF,3,F,30/10/2018,DD,83,20.4,18.7,21.5,SB,SB_20181030
AYC3737,Chaffinch,CHAFF,3,F,30/10/2018,DD,80,20.5,19,21.6,SB,SB_20181030
AYC3738,Chaffinch,CHAFF,3,F,30/10/2018,DD,80,18.3,16.8,19.4,SB,SB_20181030
AYC3739,Chaffinch,CHAFF,3,F,30/10/2018,DD,82,20.8,18.5,21,SB,SB_20181030
AYC3740,Chaffinch,CHAFF,3,M,30/10/2018,DD,84.5,20.3,18.3,20.8,SB,SB_20181030
VZ72658,Great Tit,GRETI,4,M,30/10/2018,DD,76,18.9,20.5,23.5,SB,SB_20181030
VZ80130,Great Tit,GRETI,3,M,30/10/2018,DD,77,19,21.1,24.3,SB,SB_20181030
TL73378,Dunnock,DUNNO,3,,03/11/2018,"PANT (Pantmawr Road, Whitchurch)",68,21,20.4,22.7,RJF,RJF_20181104
TL73377,Dunnock,DUNNO,3,,03/11/2018,"PANT (Pantmawr Road, Whitchurch)",66,20.1,22,23.5,RJF,RJF_20181104
